rima,unigram,lema
I,sé,saber
I,himno,himno
I,gigante,gigante
I,extraño,extraño
I,anuncia,anunciar
I,noche,noche
I,alma,alma
I,aurora,auroro
I,páginas,página
I,himno,himno
I,cadencias,cadencia
I,aire,aire
I,dilata,dilato
I,sombras,sombra
I,quisiera,querer
I,escribirlo,escribir él
I,hombre,hombre
I,domando,domar
I,rebelde,rebelde
I,mezquino,mezquino
I,idioma,idioma
I,palabras,palabra
I,tiempo,tiempo
I,suspiros,suspiro
I,risas,risa
I,colores,color
I,notas,nota
I,vano,vano
I,luchar,luchar
I,cifra,cifra
I,capaz,capaz
I,encerrarlo,encerrar él
I,apenas,apenas
I,oh,oh
I,hermosa,hermoso
I,pudiera,poder
I,oído,oer
I,contártelo,contártelo
I,solas,solo
II,saeta,saetar
II,voladora,voladorar
II,cruza,cruzar
II,arrojada,arrojado
II,azar,azar
II,adivinarse,adivinar él
II,dónde,dónde
II,temblando,temblar
II,clavará,clavar
II,hoja,hoja
II,árbol,árbol
II,seca,seco
II,arrebata,arrebatar
II,vendaval,vendaval
II,nadie,nadie
II,acierte,acierte
II,surco,surco
II,caer,caer
II,volverá,volver
II,gigante,gigante
II,ola,ola
II,viento,viento
II,riza,rezar
II,empuja,empuja
II,mar,mar
II,rueda,rodar
II,pasa,pasar
II,sabe,saber
II,playa,playa
II,buscando,buscar
II,va,ir
II,luz,luz
II,cercos,cerco
II,temblorosos,tembloroso
II,brilla,brillar
II,próxima,próximo
II,expirar,expirar
II,ignorándose,ignorar él
II,cuál,cuál
II,último,último
II,brillará,brillar
II,acaso,acaso
II,cruzo,cruzo
II,mundo,mundo
II,pensar,pensar
II,dónde,dónde
II,vengo,venir
II,dónde,dónde
II,pasos,paso
II,llevarán,llevar
III,sacudimiento,sacudimiento
III,extraño,extraño
III,agita,agitir
III,ideas,idea
III,huracán,huracán
III,empuja,empuja
III,olas,ola
III,tropel,tropel
III,murmullo,murmullo
III,alma,alma
III,eleva,elevar
III,va,ir
III,creciendo,crecer
III,volcán,volcán
III,sordo,sordo
III,anuncia,anunciar
III,va,ir
III,arder,arder
III,deformes,deform
III,siluetas,silueta
III,seres,ser
III,imposibles,imposible
III,paisajes,paisaje
III,aparecen,aparecer
III,través,través
III,tul,tul
III,colores,color
III,fundiéndose,fundir él
III,remedan,remedir
III,aire,aire
III,átomos,átomo
III,iris,iris
III,nadan,nadar
III,luz,luz
III,ideas,idea
III,palabras,palabra
III,palabras,palabra
III,sentido,sentido
III,cadencias,cadencia
III,ritmo,ritmo
III,compás,compás
III,memorias,memoria
III,deseos,deseo
III,cosas,cosa
III,existen,existir
III,accesos,acceso
III,alegría,alegría
III,impulsos,impulso
III,llorar,llorar
III,actividad,actividad
III,nerviosa,nervioso
III,halla,halla
III,emplearse,emplear él
III,rienda,rienda
III,guíe,guíe
III,caballo,caballo
III,volador,volador
III,locura,locura
III,espíritu,espíritu
III,exalta,exalta
III,enardece,enardecir
III,embriaguez,embriaguez
III,divina,divino
III,genio,genio
III,creador,creador
III,tal,tal
III,inspiración,inspiración
III,gigante,gigante
III,voz,voz
III,caos,caos
III,ordena,ordenar
III,cerebro,cerebro
III,sombras,sombra
III,hace,hacer
III,luz,luz
III,aparecer,aparecer
III,brillante,brillante
III,rienda,rienda
III,oro,oro
III,poderosa,poderoso
III,enfrena,enfrén
III,exaltada,exaltado
III,mente,mente
III,volador,volador
III,corcel,corcel
III,hilo,hilo
III,luz,luz
III,hace,hacer
III,pensamientos,pensamiento
III,ata,ata
III,sol,sol
III,nubes,nube
III,rompe,romper
III,toca,tocar
III,cenit,cenit
III,inteligente,inteligente
III,mano,mano
III,collar,collar
III,perlas,perla
III,consigue,conseguir
III,indóciles,indócil
III,palabras,palabra
III,reunir,reunir
III,armonioso,armonioso
III,ritmo,ritmo
III,cadencia,cadencia
III,número,número
III,fugitivas,fugitiva
III,notas,nota
III,encierra,encerrar
III,compás,compás
III,cincel,cincel
III,bloque,bloque
III,muerde,muerde
III,estatua,estatua
III,moldeando,moldear
III,belleza,belleza
III,plástica,plástico
III,añade,añadir
III,ideal,ideal
III,atmósfera,atmósfera
III,giran,giran
III,orden,orden
III,ideas,idea
III,átomos,átomo
III,agrupa,agrupar
III,recóndita,recóndita
III,atracción,atracción
III,raudal,raudal
III,cuyas,cuyo
III,ondas,onda
III,sed,sed
III,fiebre,fiebre
III,apaga,apagar
III,oasis,oasis
III,espíritu,espíritu
III,devuelve,devolver
III,vigor,vigor
III,tal,tal
III,razón,razón
III,ambas,ambos
III,siempre,siempre
III,lucha,lucha
III,ambas,ambos
III,vencedor,vencedor
III,tan,tanto
III,sólo,sólo
III,genio,genio
III,puede,poder
III,yugo,yugo
III,atar,atar
III,dos,dos
IV,digáis,digáis
IV,agotado,agotado
IV,tesoro,tesoro
IV,asuntos,asunto
IV,falta,falta
IV,enmudeció,enmudeceír
IV,lira,lirar
IV,podrá,poder
IV,haber,haber
IV,poetas,poeta
IV,siempre,siempre
IV,poesía,poesía
IV,mientras,mientras
IV,ondas,onda
IV,luz,luz
IV,beso,beso
IV,palpiten,palpitir
IV,encendidas,encendido
IV,mientras,mientras
IV,sol,sol
IV,desgarradas,desgarrada
IV,nubes,nube
IV,fuego,fuego
IV,oro,oro
IV,vista,visto
IV,mientras,mientras
IV,aire,aire
IV,regazo,regazo
IV,lleve,llevar
IV,perfumes,perfume
IV,armonías,armonía
IV,mientras,mientras
IV,mundo,mundo
IV,primavera,primavera
IV,poesía,poesía
IV,mientras,mientras
IV,ciencia,ciencia
IV,descubrir,descubrir
IV,alcance,alcance
IV,fuentes,fuente
IV,vida,vida
IV,mar,mar
IV,cielo,cielo
IV,abismo,abismo
IV,cálculo,cálculo
IV,resista,resista
IV,mientras,mientras
IV,humanidad,humanidad
IV,siempre,siempre
IV,avanzando,avanzar
IV,sepa,sepa
IV,dó,dó
IV,camina,caminar
IV,mientras,mientras
IV,misterio,misterio
IV,hombre,hombre
IV,poesía,poesía
IV,mientras,mientras
IV,sintamos,sintamos
IV,alegra,alegrar
IV,alma,alma
IV,labios,labio
IV,rían,rir
IV,mientras,mientras
IV,llora,llorar
IV,llanto,llanto
IV,acuda,acudar
IV,nublar,nublar
IV,pupila,pupila
IV,mientras,mientras
IV,corazón,corazón
IV,cabeza.batallando,cabeza.batallar
IV,prosigan,prosigar
IV,mientras,mientras
IV,esperanzas,esperanza
IV,recuerdos,recuerdo
IV,poesía,poesía
IV,mientras,mientras
IV,ojos,ojo
IV,reflejen,reflejar
IV,ojos,ojo
IV,miran,mirar
IV,mientras,mientras
IV,responda,respondar
IV,labio,labio
IV,suspirando,suspirar
IV,labio,labio
IV,suspira,suspirar
IV,mientras,mientras
IV,sentirse,sentir él
IV,puedan,poder
IV,beso,beso
IV,dos,dos
IV,almas,alma
IV,confundidas,confundida
IV,mientras,mientras
IV,exista,existir
IV,mujer,mujer
IV,hermosa,hermoso
IV,poesía,poesía
V,espíritu,espíritu
V,nombre,nombre
V,indefinible,indefinible
V,esencia,esencia
V,vivo,vivir
V,vida,vida
V,formas,forma
V,idea,idea
V,nado,nado
V,vacío,vacío
V,sol,sol
V,tiemblo,temblar
V,hoguera,hoguera
V,palpito,palpito
V,sombras,sombra
V,floto,floto
V,nieblas,niebla
V,fleco,fleco
V,oro,oro
V,lejana,lejano
V,estrella,estrella
V,alta,alto
V,luna,luna
V,luz,luz
V,tibia,tibio
V,serena,serén
V,ardiente,ardiente
V,nube,nube
V,ocaso,ocaso
V,ondea,ondea
V,astro,astro
V,errante,errante
V,luminosa,luminoso
V,estela,estela
V,nieve,nieve
V,cumbre,cumbre
V,fuego,fuego
V,arenas,arena
V,azul,azul
V,onda,ondar
V,mares,mar
V,espuma,espuma
V,riberas,ribera
V,laúd,laúd
V,nota,nota
V,perfume,perfumir
V,violeta,violeta
V,fugas,fuga
V,llama,llamar
V,tumbas,tumbos
V,ruinas,ruina
V,hiedra,hiedra
V,atrueno,atrueno
V,torrente,torrente
V,silbo,silbo
V,centella,centella
V,ciego,ciego
V,relámpago,relámpago
V,rujo,rujo
V,tormenta,tormenta
V,río,río
V,alcores,alcor
V,susurro,susurro
V,alta,alto
V,hierba,hierba
V,suspiro,suspirar
V,onda,ondar
V,pura,puro
V,lloro,lloro
V,hoja,hoja
V,seca,seco
V,ondulo,ondulo
V,átomos,átomo
V,humo,humo
V,eleva,elevar
V,cielo,cielo
V,lento,lento
V,sube,subir
V,espiral,espiral
V,inmensa,inmenso
V,dorados,dorado
V,hilos,hi él
V,insectos,insecto
V,cuelgan,colgar
V,mezclo,mezclo
V,árboles,árbol
V,ardorosa,ardorós
V,siesta,siesta
V,corro,corro
V,tras,tras
V,ninfas,ninfa
V,corriente,corriente
V,fresca,fresco
V,cristalino,cristalino
V,arrollo,arrollo
V,desnudas,desnudo
V,juguetean,juguetean
V,bosque,bosque
V,corales,coral
V,alfombran,alfombran
V,blancas,blanca
V,perlas,perla
V,persigo,persigo
V,océano,océano
V,náyades,náyade
V,ligeras,ligero
V,cavernas,caverna
V,cóncavas,cóncava
V,do,do
V,sol,sol
V,nunca,nunca
V,penetra,penetrar
V,mezclándome,mezclándome
V,nomos,nomos
V,contemplo,contemplo
V,riquezas,riqueza
V,busco,buscar
V,siglos,siglo
V,borradas,borrada
V,huellas,huella
V,sé,saber
V,imperios,imperio
V,nombre,nombre
V,queda,quedar
V,sigo,seguir
V,raudo,raudir
V,vértigo,vértigo
V,mundos,mundo
V,voltean,voltear
V,pupila,pupila
V,abarca,abarcar
V,creación,creación
V,entera,entera
V,sé,saber
V,regiones,región
V,do,do
V,rumor,rumor
V,llega,llegar
V,informes,informe
V,astros,astros
V,vida,vida
V,soplo,soplo
V,esperan,esperar
V,abismo,abismo
V,puente,puente
V,atraviesa,atravesar
V,ignota,ignotar
V,escala,escala
V,cielo,cielo
V,une,unir
V,tierra,tierra
V,invisible,invisible
V,anillo,anillo
V,sujeta,sujeto
V,mundo,mundo
V,forma,forma
V,mundo,mundo
V,idea,idea
V,fin,fin
V,espíritu,espíritu
V,desconocida,desconocido
V,esencia,esencia
V,perfume,perfumir
V,misterioso,misterioso
V,vaso,vaso
V,poeta,poeta
VI,brisa,brisar
VI,sangre,sangre
VI,orea,oreo
VI,oscuro,oscuro
VI,campo,campo
VI,batalla,batalla
VI,cargada,cargado
VI,perfumes,perfume
VI,armonías,armonía
VI,silencio,silencio
VI,noche,noche
VI,vaga,vagar
VI,símbolo,símbolo
VI,dolor,dolor
VI,ternura,ternura
VI,bardo,bardo
VI,inglés,inglés
VI,horrible,horrible
VI,drama,drama
VI,dulce,dulce
VI,ofelia,ofelia
VI,razón,razón
VI,perdida,perdido
VI,cogiendo,coger
VI,flores,flor
VI,cantando,cantar
VI,pasa,pasar
VII,salón,salón
VII,ángulo,ángulo
VII,oscuro,oscuro
VII,dueño,dueño
VII,tal,tal
VII,vez,vez
VII,olvidada,olvidado
VII,silenciosa,silencioso
VII,cubierta,cubierto
VII,polvo,polvo
VII,veíase,veíar
VII,arpa,arpa
VII,cuánta,cuánta
VII,nota,nota
VII,dormía,dormir
VII,cuerdas,cuerda
VII,pájaro,pájaro
VII,duerme,dormir
VII,rama,rama
VII,esperando,esperar
VII,mano,mano
VII,nieve,nieve
VII,sabe,saber
VII,arrancarlas,arrancarla
VII,ay,ay
VII,pensé,pensar
VII,cuántas,cuánta
VII,veces,vez
VII,genio,genio
VII,así,así
VII,duerme,dormir
VII,fondo,fondo
VII,alma,alma
VII,voz,voz
VII,lázaro,lázaro
VII,espera,esperar
VII,diga,decir
VII,levántate,levántate
VII,anda,andar
VIII,miro,mirar
VIII,azul,azul
VIII,horizonte,horizonte
VIII,perderse,perder él
VIII,lejos,lejos
VIII,través,través
VIII,gasa,gasa
VIII,polvo,polvo
VIII,dorado,dorado
VIII,inquieto,inquieto
VIII,parece,parecer
VIII,posible,posible
VIII,arrancarme,arrancar yo
VIII,mísero,mísero
VIII,suelo,suelo
VIII,flotar,flotar
VIII,niebla,niebla
VIII,dorada,dorado
VIII,átomos,átomo
VIII,leves,leve
VIII,deshecho,deshecho
VIII,miro,mirar
VIII,noche,noche
VIII,fondo,fondo
VIII,obscuro,obscuro
VIII,cielo,cielo
VIII,estrellas,estrella
VIII,temblar,temblar
VIII,ardientes,ardient
VIII,pupilas,pupila
VIII,fuego,fuego
VIII,parece,parecer
VIII,posible,posible
VIII,do,do
VIII,brillan,brillar
VIII,subir,subir
VIII,vuelo,vuelo
VIII,anegarme,anegar yo
VIII,luz,luz
VIII,lumbre,lumbre
VIII,encendido,encendido
VIII,fundirme,fundir yo
VIII,beso,beso
VIII,mar,mar
VIII,duda,duda
VIII,bogo,bogo
VIII,aún,aún
VIII,creo,creer
VIII,embargo,embargo
VIII,ansias,ansia
VIII,dicen,decir
VIII,llevo,llevar
VIII,divino,divino
VIII,aquí,aquí
VIII,dentro,dentro
IX,besa,bés
IX,aura,aura
IX,gime,gime
IX,blandamente,blandamente
IX,leves,leve
IX,ondas,onda
IX,jugando,jugar
IX,riza,rezar
IX,sol,sol
IX,besa,bés
IX,nube,nube
IX,occidente,occidente
IX,púrpura,púrpura
IX,oro,oro
IX,matiza,matizar
IX,llama,llamar
IX,derredor,derredor
IX,tronco,tronco
IX,ardiente,ardiente
IX,besar,besar
IX,llama,llamar
IX,desliza,deslizar
IX,sauce,saucir
IX,inclinándose,inclinar él
IX,peso,peso
IX,río,río
IX,besa,bés
IX,vuelve,volver
IX,beso,beso
X,invisibles,invisible
X,átomos,átomo
X,aire,aire
X,derredor,derredor
X,palpitan,palpitar
X,inflaman,inflamar
X,cielo,cielo
X,deshace,deshacer
X,rayos,rayo
X,oro,oro
X,tierra,tierra
X,estremece,estremecir
X,alborozada,alborozado
X,oigo,oír
X,flotando,flotar
X,olas,ola
X,armonía,armonir
X,rumor,rumor
X,besos,beso
X,batir,batir
X,alas,ala
X,párpados,párpado
X,cierran,cerrar
X,sucede,suceder
X,dime,dimir
X,silencio,silencio
X,amor,amor
X,pasa,pasar
XI,ardiente,ardiente
XI,morena,morén
XI,símbolo,símbolo
XI,pasión,pasión
XI,ansia,ansia
XI,goces,goz
XI,alma,alma
XI,llena,lleno
XI,buscas,busca
XI,frente,frente
XI,pálida,pálido
XI,trenzas,trenza
XI,oro,oro
XI,puedo,poder
XI,brindarte,brindartir
XI,dichas,dicho
XI,fin,fin
XI,ternura,ternura
XI,guardo,guardar
XI,tesoro,tesoro
XI,llamas,llama
XI,sueño,sueño
XI,imposible,imposible
XI,vano,vano
XI,fantasma,fantasma
XI,niebla,niebla
XI,luz,luz
XI,incorpórea,incorpórea
XI,intangible,intangible
XI,puedo,poder
XI,amarte,amarte
XI,oh,oh
XI,ven,ver
XI,ven,ver
XII,niña,niña
XII,ojos,ojo
XII,verdes,verde
XII,mar,mar
XII,quejas,queja
XII,verdes,verde
XII,náyades,náyade
XII,verdes,verde
XII,minerva,minerva
XII,verdes,verde
XII,pupilas,pupila
XII,huris,huris
XII,profeta,profeta
XII,verde,verde
XII,gala,gala
XII,ornato,ornato
XII,bosque,bosque
XII,primavera,primavera
XII,siete,siete
XII,colores,color
XII,brillante,brillante
XII,iris,iris
XII,ostenta,ostentar
XII,esmeraldas,esmeralda
XII,verdes,verde
XII,verde,verde
XII,color,color
XII,espera,esperar
XII,ondas,onda
XII,océano,océano
XII,laurel,laurel
XII,poetas,poeta
XII,mejilla,mejilla
XII,temprana,temprano
XII,rosa,rosa
XII,escarcha,escarcha
XII,cubierta,cubierto
XII,carmín,carmín
XII,pétalos,pétalo
XII,ve,ver
XII,través,través
XII,perlas,perla
XII,embargo,embargo
XII,sé,saber
XII,quejas,queja
XII,ojos,ojo
XII,crees,crees
XII,afean,afear
XII,pues,pues
XII,creas,crea
XII,parecen,parecer
XII,pupilas,pupila
XII,húmedas,húmeda
XII,verdes,verde
XII,inquietas,inquieta
XII,tempranas,temprana
XII,hojas,hoja
XII,almendro,almendrir
XII,soplo,soplo
XII,aire,aire
XII,tiemblan,temblar
XII,boca,bocar
XII,rubíes,rubí
XII,purpúrea,purpúreo
XII,granada,granada
XII,abierta,abierto
XII,estío,estío
XII,convida,convida
XII,apagar,apagar
XII,sed,sed
XII,embargo,embargo
XII,sé,saber
XII,quejas,queja
XII,ojos,ojo
XII,crees,crees
XII,afean,afear
XII,pues,pues
XII,creas,crea
XII,parecen,parecer
XII,si,si
XII,enojada,enojado
XII,pupilas,pupila
XII,centellean,centellear
XII,olas,ola
XII,mar,mar
XII,rompen,romper
XII,cantábricas,cantábrica
XII,peñas,peña
XII,frente,frente
XII,corona,corona
XII,crespo,crespo
XII,oro,oro
XII,ancha,ancho
XII,trenza,trenza
XII,nevada,nevado
XII,cumbre,cumbre
XII,día,día
XII,postrera,postrera
XII,luz,luz
XII,refleja,reflejar
XII,embargo,embargo
XII,sé,saber
XII,quejas,queja
XII,ojos,ojo
XII,crees,crees
XII,afean,afear
XII,pues,pues
XII,creas,crea
XII,rubias,rubio
XII,pestañas,pestaña
XII,junto,junto
XII,sienes,sién
XII,semejan,semejar
XII,broches,broche
XII,esmeralda,esmeralda
XII,oro,oro
XII,blanco,blanco
XII,armiño,armiño
XII,sujetan,sujetar
XIII,pupila,pupila
XIII,azul,azul
XIII,ríes,rí
XIII,claridad,claridad
XIII,suave,suave
XIII,recuerda,recordar
XIII,trémulo,trémulo
XIII,fulgor,fulgor
XIII,mañana,mañana
XIII,mar,mar
XIII,refleja,reflejar
XIII,pupila,pupila
XIII,azul,azul
XIII,lloras,lloras
XIII,transparentes,transparente
XIII,lágrimas,lágrima
XIII,figuran,figurar
XIII,gotas,gota
XIII,rocío,rocío
XIII,violeta,violeta
XIII,pupila,pupila
XIII,azul,azul
XIII,si,si
XIII,fondo,fondo
XIII,punto,punto
XIII,luz,luz
XIII,radia,radiar
XIII,idea,idea
XIII,parece,parecer
XIII,cielo,cielo
XIII,tarde,tarde
XIII,perdida,perdido
XIII,estrella,estrella
XIV,vi,ver
XIV,punto,punto
XIV,flotando,flotar
XIV,ojos,ojo
XIV,imagen,imagen
XIV,ojos,ojo
XIV,quedó,quedar
XIV,mancha,manchar
XIV,obscura,obscura
XIV,orlada,orlado
XIV,fuego,fuego
XIV,flota,flota
XIV,ciega,ciego
XIV,si,si
XIV,mira,mirar
XIV,sol,sol
XIV,adondequiera,adondequeír
XIV,vista,visto
XIV,fijo,fijo
XIV,torno,torno
XIV,ver,ver
XIV,pupilas,pupila
XIV,llamear,llamear
XIV,mas,mas
XIV,encuentro,encuentro
XIV,mirada,mirada
XIV,ojos,ojo
XIV,alcoba,alcobar
XIV,ángulo,ángulo
XIV,miro,mirar
XIV,desasidos,desasido
XIV,fantásticos,fantástico
XIV,lucir,lucir
XIV,duermo,dormir
XIV,siento,sentir
XIV,ciernen,cerner
XIV,par,par
XIV,par,par
XIV,abiertos,abierto
XIV,sé,saber
XIV,fuegos,fuego
XIV,faustos,fausto
XIV,noche,noche
XIV,llevan,llevar
XIV,caminante,caminante
XIV,perecer,perecer
XIV,siento,sentir
XIV,arrastrado,arrastrado
XIV,ojos,ojo
XIV,arrastran,arrastran
XIV,sé,saber
XV,cendal,cendal
XV,flotante,flotante
XV,leve,leve
XV,bruma,bruma
XV,rizada,rizado
XV,cinta,cinta
XV,blanca,blanco
XV,espuma,espuma
XV,rumor,rumor
XV,sonoro,sonoro
XV,arpa,arpa
XV,oro,oro
XV,beso,beso
XV,aura,aura
XV,onda,ondar
XV,luz,luz
XV,sombra,sombra
XV,aérea,aéreo
XV,cuantas,cuanta
XV,veces,vez
XV,voy,ir
XV,tocarte,tocarte
XV,desvaneces,desvanez
XV,llama,llamar
XV,sonido,sonido
XV,niebla,niebla
XV,gemido,gemir
XV,lago,lago
XV,azul,azul
XV,mar,mar
XV,playas,playa
XV,onda,ondar
XV,sonante,sonante
XV,vacío,vacío
XV,cometa,cometer
XV,errante,errante
XV,largo,largo
XV,lamento,lamento
XV,ronco,ronco
XV,viento,viento
XV,ansia,ansia
XV,perpetua,perpetua
XV,mejor,mejor
XV,ojos,ojo
XV,agonía,agonir
XV,ojos,ojo
XV,vuelvo,volver
XV,noche,noche
XV,día,día
XV,incansable,incansable
XV,demente,demente
XV,tras,tras
XV,sombra,sombra
XV,tras,tras
XV,hija,hija
XV,ardiente,ardiente
XV,visión,visión
XVI,si,si
XVI,mecer,mecer
XVI,azules,azul
XVI,campanillas,campanilla
XVI,balcón,balcón
XVI,crees,crees
XVI,suspirando,suspirar
XVI,pasa,pasar
XVI,viento,viento
XVI,murmurador,murmurador
XVI,sabe,saber
XVI,oculto,oculto
XVI,verdes,verde
XVI,hojas,hoja
XVI,suspiro,suspirar
XVI,si,si
XVI,resonar,resonar
XVI,confuso,confuso
XVI,espaldas,espalda
XVI,vago,vago
XVI,rumor,rumor
XVI,crees,crees
XVI,nombre,nombre
XVI,llamado,llamado
XVI,lejana,lejano
XVI,voz,voz
XVI,sabe,saber
XVI,sombras,sombra
XVI,cercan,cercar
XVI,llamo,llamar
XVI,si,si
XVI,turba,turba
XVI,medroso,medroso
XVI,alta,alto
XVI,noche,noche
XVI,corazón,corazón
XVI,sentir,sentir
XVI,labios,labio
XVI,aliento,aliento
XVI,abrasador,abrasador
XVI,sabe,saber
XVI,aunque,aunque
XVI,invisible,invisible
XVI,lado,lado
XVI,respiro,respirar
XVII,hoy,hoy
XVII,tierra,tierra
XVII,cielos,cielo
XVII,sonríen,sonreir
XVII,hoy,hoy
XVII,llega,llegar
XVII,fondo,fondo
XVII,alma,alma
XVII,sol,sol
XVII,hoy,hoy
XVII,visto,ver
XVII,visto,ver
XVII,mirado,mirado
XVII,hoy,hoy
XVII,creo,creer
XVII,dios,dios
XVIII,fatigada,fatigado
XVIII,baile,baile
XVIII,encendido,encendido
XVIII,color,color
XVIII,breve,breve
XVIII,aliento,aliento
XVIII,apoyada,apoyado
XVIII,brazo,brazo
XVIII,salón,salón
XVIII,detuvo,detener
XVIII,extremo,extremo
XVIII,leve,leve
XVIII,gasa,gasa
XVIII,levantaba,levantar
XVIII,palpitante,palpitante
XVIII,seno,seno
XVIII,flor,flor
XVIII,mecía,mecir
XVIII,compasado,compasado
XVIII,dulce,dulce
XVIII,movimiento,movimiento
XVIII,cuna,cuna
XVIII,nácar,nácar
XVIII,empuja,empuja
XVIII,mar,mar
XVIII,acaricia,acaricia
XVIII,céfiro,céfirir
XVIII,tal,tal
XVIII,vez,vez
XVIII,allí,allí
XVIII,dormía,dormir
XVIII,soplo,soplo
XVIII,labios,labio
XVIII,entreabiertos,entreabierto
XVIII,oh,oh
XVIII,quién,quién
XVIII,así,así
XVIII,pensaba,pensar
XVIII,dejar,dejar
XVIII,pudiera,poder
XVIII,deslizarse,deslizar él
XVIII,tiempo,tiempo
XVIII,oh,oh
XVIII,si,si
XVIII,flores,flor
XVIII,duermen,duermen 
XVIII,dulcísimo,dulcísimo
XVIII,sueño,sueño
XIX,pecho,pecho
XIX,inclinas,inclina
XIX,melancólica,melancólicar
XIX,frente,frente
XIX,azucena,azucenar
XIX,tronchada,tronchado
XIX,preces,prez
XIX,darte,darte
XIX,pureza,pureza
XIX,símbolo,símbolo
XIX,celeste,celestar
XIX,hizo,hacer
XIX,dios,dios
XIX,oro,oro
XIX,nieve,nieve
XX,sabe,saber
XX,si,si
XX,alguna,alguno
XX,vez,vez
XX,labios,labio
XX,rojos,rojo
XX,quema,quema
XX,invisible,invisible
XX,atmósfera,atmósfera
XX,abrasada,abrasado
XX,alma,alma
XX,hablar,hablar
XX,puede,poder
XX,ojos,ojo
XX,puede,poder
XX,besar,besar
XX,mirada,mirada
XXI,poesía,poesía
XXI,dices,diz
XXI,mientras,mientras
XXI,clavas,clava
XXI,pupila,pupila
XXI,pupila,pupila
XXI,azul,azul
XXI,poesía,poesía
XXI,preguntas,pregunta
XXI,poesía,poesía
XXII,cómo,cómo
XXII,vive,vivir
XXII,rosa,rosa
XXII,prendido,prender
XXII,junto,junto
XXII,corazón,corazón
XXII,nunca,nunca
XXII,ahora,ahora
XXII,contemple,contemple
XXII,tierra,tierra
XXII,volcán,volcán
XXII,flor,flor
XXIII,mirada,mirada
XXIII,mundo,mundo
XXIII,sonrisa,sonrisa
XXIII,cielo,cielo
XXIII,beso,beso
XXIII,sé,saber
XXIII,diera,dar
XXIII,beso,beso
XXIV,dos,dos
XXIV,rojas,rojo
XXIV,lenguas,lengua
XXIV,fuego,fuego
XXIV,mismo,mismo
XXIV,tronco,tronco
XXIV,enlazadas,enlazada
XXIV,aproximan,aproximar
XXIV,besarse,besar él
XXIV,forman,formar
XXIV,sola,solo
XXIV,llama,llamar
XXIV,dos,dos
XXIV,notas,nota
XXIV,laúd,laúd
XXIV,tiempo,tiempo
XXIV,mano,mano
XXIV,arranca,arranca
XXIV,espacio,espacio
XXIV,encuentran,encontrar
XXIV,armoniosas,armoniosa
XXIV,abrazan,abrazar
XXIV,dos,dos
XXIV,olas,ola
XXIV,vienen,venir
XXIV,juntas,junto
XXIV,morir,morir
XXIV,playa,playa
XXIV,romper,romper
XXIV,coronan,coronar
XXIV,penacho,penacho
XXIV,plata,platar
XXIV,dos,dos
XXIV,jirones,jirón
XXIV,vapor,vapor
XXIV,lago,lago
XXIV,levantan,levantar
XXIV,reunirse,reunir él
XXIV,cielo,cielo
XXIV,forman,formar
XXIV,nube,nube
XXIV,blanca,blanco
XXIV,dos,dos
XXIV,ideas,idea
XXIV,par,par
XXIV,brotan,brotar
XXIV,dos,dos
XXIV,besos,beso
XXIV,tiempo,tiempo
XXIV,estallan,estallar
XXIV,dos,dos
XXIV,ecos,eco
XXIV,confunden,confundir
XXIV,dos,dos
XXIV,almas,alma
XXV,noche,noche
XXV,envuelven,envolver
XXV,alas,ala
XXV,tul,tul
XXV,sueño,sueño
XXV,tendidas,tendido
XXV,pestañas,pestaña
XXV,semejan,semejar
XXV,arcos,arco
XXV,ébano,ébano
XXV,escuchar,escuchar
XXV,latidos,latido
XXV,corazón,corazón
XXV,inquieto,inquieto
XXV,reclinar,reclinar
XXV,dormida,dormido
XXV,cabeza,cabeza
XXV,pecho,pecho
XXV,diera,dar
XXV,alma,alma
XXV,cuanto,cuanto
XXV,poseo,poseo
XXV,luz,luz
XXV,aire,aire
XXV,pensamiento,pensamiento
XXV,cuanto,cuanto
XXV,clavan,clavar
XXV,ojos,ojo
XXV,invisible,invisible
XXV,objeto,objeto
XXV,labios,labio
XXV,ilumina,iluminar
XXV,sonrisa,sonrisa
XXV,reflejo,reflejo
XXV,leer,leer
XXV,frente,frente
XXV,callado,callado
XXV,pensamiento,pensamiento
XXV,pasa,pasar
XXV,nube,nube
XXV,mar,mar
XXV,ancho,ancho
XXV,espejo,espejo
XXV,diera,dar
XXV,alma,alma
XXV,cuanto,cuanto
XXV,deseo,desear
XXV,fama,fama
XXV,oro,oro
XXV,gloria,gloria
XXV,genio,genio
XXV,cuanto,cuanto
XXV,enmudece,enmudecir
XXV,lengua,lengua
XXV,apresura,apresura
XXV,aliento,aliento
XXV,mejillas,mejilla
XXV,encienden,encender
XXV,entornas,entorna
XXV,ojos,ojo
XXV,negros,negro
XXV,ver,ver
XXV,pestañas,pestaña
XXV,brillar,brillar
XXV,húmedo,húmedo
XXV,fuego,fuego
XXV,ardiente,ardiente
XXV,chispa,chispa
XXV,brota,brota
XXV,volcán,volcán
XXV,deseos,deseo
XXV,diera,dar
XXV,alma,alma
XXV,cuanto,cuanto
XXV,espero,esperar
XXV,fe,fe
XXV,espíritu,espíritu
XXV,tierra,tierra
XXV,cielo,cielo
XXVI,voy,ir
XXVI,interés,interés
XXVI,confesarlo,confesar él
XXVI,obstante,obstante
XXVI,amada,amado
XXVI,pienso,pensar
XXVI,oda,odar
XXVI,solo,solo
XXVI,buena,buen
XXVI,billete,billete
XXVI,banco,banco
XXVI,dorso,dorso
XXVI,escrita,escrito
XXVI,faltará,faltar
XXVI,algún,alguno
XXVI,necio,necio
XXVI,oírlo,oir él
XXVI,haga,hacer
XXVI,cruces,cruz
XXVI,diga,decir
XXVI,mujer,mujer
XXVI,fin,fin
XXVI,siglo,siglo
XXVI,diez,diez
XXVI,nueve,nueve
XXVI,material,material
XXVI,prosaica,prosaico
XXVI,boberías,bobería
XXVI,voces,voz
XXVI,hacen,hacer
XXVI,correr,correr
XXVI,cuatro,cuatro
XXVI,poetas,poeta
XXVI,invierno,invierno
XXVI,embozan,embozar
XXVI,lira,lirar
XXVI,ladridos,ladrido
XXVI,perros,perro
XXVI,luna,luna
XXVI,sabes,saber
XXVI,vida,vida
XXVI,genio,genio
XXVI,contado,contado
XXVI,escribe,escribir
XXVI,oro,oro
XXVI,cualquiera,cualquiera
XXVI,hace,hacer
XXVI,poesía,poesía
XXVII,despierta,despertar
XXVII,tiemblo,temblar
XXVII,mirarte,mirarte
XXVII,dormida,dormido
XXVII,atrevo,atrevir
XXVII,verte,verte
XXVII,alma,alma
XXVII,alma,alma
XXVII,velo,velo
XXVII,duermes,duerm
XXVII,despierta,despertar
XXVII,ríes,rí
XXVII,reír,reír
XXVII,labios,labio
XXVII,inquietos,inquieto
XXVII,parecen,parecer
XXVII,relámpagos,relámpago
XXVII,grana,gran
XXVII,serpean,serpear
XXVII,cielo,cielo
XXVII,nieve,nieve
XXVII,dormida,dormido
XXVII,extremos,extremo
XXVII,boca,bocar
XXVII,pliega,pliega
XXVII,sonrisa,sonrisa
XXVII,leve,leve
XXVII,suave,suave
XXVII,rastro,rastro
XXVII,luminoso,luminoso
XXVII,deja,dejar
XXVII,sol,sol
XXVII,muere,morir
XXVII,duerme,dormir
XXVII,despierta,despertar
XXVII,miras,mira
XXVII,mirar,mirar
XXVII,ojos,ojo
XXVII,húmedos,húmedo
XXVII,resplandecen,resplandecir
XXVII,onda,ondar
XXVII,azul,azul
XXVII,cuya,cuyo
XXVII,cresta,cresta
XXVII,chispeando,chispear
XXVII,sol,sol
XXVII,hiere,herir
XXVII,través,través
XXVII,párpados,párpado
XXVII,dormida,dormido
XXVII,tranquilo,tranquilo
XXVII,fulgor,fulgor
XXVII,vierten,viertar
XXVII,derrama,derramar
XXVII,luz,luz
XXVII,templado,templado
XXVII,rayo,rayo
XXVII,lámpara,lámpar
XXVII,transparente,transparente
XXVII,duerme,dormir
XXVII,despierta,despertar
XXVII,hablas,habla
XXVII,hablar,hablar
XXVII,vibrantes,vibrant
XXVII,palabras,palabra
XXVII,parecen,parecer
XXVII,lluvia,lluvia
XXVII,perlas,perla
XXVII,dorada,dorado
XXVII,copa,copa
XXVII,derrama,derramar
XXVII,torrentes,torrente
XXVII,dormida,dormido
XXVII,murmullo,murmullo
XXVII,aliento,aliento
XXVII,acompasado,acompasado
XXVII,tenue,tenue
XXVII,escucho,escuchar
XXVII,poema,poema
XXVII,alma,alma
XXVII,enamorada,enamorado
XXVII,entiende,entender
XXVII,duerme,dormir
XXVII,corazón,corazón
XXVII,mano,mano
XXVII,puesto,puesto
XXVII,suene,sonar
XXVII,latido,latido
XXVII,noche,noche
XXVII,turbe,turbir
XXVII,calma,calma
XXVII,solemne,solemne
XXVII,balcón,balcón
XXVII,persianas,persiana
XXVII,cerré,cerré
XXVII,resplandor,resplandor
XXVII,enojoso,enojoso
XXVII,aurora,auroro
XXVII,despierte,despierte
XXVII,duerme,dormir
XXVIII,sombra,sombra
XXVIII,oscura,oscuro
XXVIII,perdida,perdido
XXVIII,voz,voz
XXVIII,murmura,murmuro
XXVIII,turbando,turbar
XXVIII,triste,triste
XXVIII,calma,calma
XXVIII,si,si
XXVIII,fondo,fondo
XXVIII,alma,alma
XXVIII,oigo,oír
XXVIII,dulce,dulce
XXVIII,resonar,resonar
XXVIII,dime,dimir
XXVIII,viento,viento
XXVIII,giros,giro
XXVIII,queja,queja
XXVIII,suspiros,suspiro
XXVIII,hablan,hablar
XXVIII,amor,amor
XXVIII,pasar,pasar
XXVIII,sol,sol
XXVIII,ventana,ventana
XXVIII,rojo,rojo
XXVIII,brilla,brillar
XXVIII,mañana,mañana
XXVIII,amor,amor
XXVIII,sombra,sombra
XXVIII,evoca,evocar
XXVIII,si,si
XXVIII,boca,bocar
XXVIII,boca,bocar
XXVIII,sentir,sentir
XXVIII,creo,creer
XXVIII,impresión,impresión
XXVIII,dime,dimir
XXVIII,ciego,ciego
XXVIII,deliro,delirir
XXVIII,beso,beso
XXVIII,suspiro,suspirar
XXVIII,envía,envíar
XXVIII,corazón,corazón
XXVIII,luminoso,luminoso
XXVIII,día,día
XXVIII,alta,alto
XXVIII,noche,noche
XXVIII,sombría,somber
XXVIII,si,si
XXVIII,cuanto,cuanto
XXVIII,rodea,rodear
XXVIII,alma,alma
XXVIII,desea,desear
XXVIII,creo,creer
XXVIII,sentir,sentir
XXVIII,ver,ver
XXVIII,dime,dimir
XXVIII,toco,tocar
XXVIII,respiro,respirar
XXVIII,soñando,soñar
XXVIII,suspiro,suspirar
XXVIII,das,das
XXVIII,aliento,aliento
XXVIII,beber,beber
XXIX,falda,faldar
XXIX,libro,libro
XXIX,abierto,abierto
XXIX,mejilla,mejilla
XXIX,tocaban,tocar
XXIX,rizos,rizo
XXIX,negros,negro
XXIX,veíamos,veíar
XXIX,letras,letra
XXIX,ninguno,ninguno
XXIX,creo,creer
XXIX,mas,mas
XXIX,guardábamos,guardábar
XXIX,entrambos,entrambo
XXIX,hondo,hondo
XXIX,silencio,silencio
XXIX,cuánto,cuánto
XXIX,duró,durar
XXIX,aun,aun
XXIX,entonces,entonces
XXIX,pude,poder
XXIX,saberlo,saber él
XXIX,sólo,sólo
XXIX,oía,oía
XXIX,aliento,aliento
XXIX,apresurado,apresurado
XXIX,escapaba,escapar
XXIX,labio,labio
XXIX,seco,seco
XXIX,sólo,sólo
XXIX,sé,saber
XXIX,volvimos,volver
XXIX,dos,dos
XXIX,tiempo,tiempo
XXIX,ojos,ojo
XXIX,hallaron,hallar
XXIX,sonó,sonar
XXIX,beso,beso
XXIX,creación,creación
XXIX,dante,dante
XXIX,libro,libro
XXIX,infierno,infierno
XXIX,bajamos,bajar
XXIX,ojos,ojo
XXIX,dije,decir
XXIX,trémulo,trémulo
XXIX,comprendes,comprend
XXIX,poema,poema
XXIX,cabe,caber
XXIX,verso,verso
XXIX,respondió,responder
XXIX,encendida,encendido
XXIX,comprendo,comprendo
XXX,asomaba,asomar
XXX,ojos,ojo
XXX,lágrima,lágrimir
XXX,labios,labio
XXX,frase,frase
XXX,perdón,perdón
XXX,habló,hablar
XXX,orgullo,orgullo
XXX,enjugó,enjugar
XXX,llanto,llanto
XXX,frase,frase
XXX,labios,labio
XXX,expiró,expirar
XXX,voy,ir
XXX,camino,camino
XXX,pensar,pensar
XXX,mutuo,mutuo
XXX,amor,amor
XXX,digo,decir
XXX,aún,aún
XXX,callé,callé
XXX,aquél,aquél
XXX,día,día
XXX,dirá,decir
XXX,lloré,lloré
XXXI,pasión,pasión
XXXI,trágico,trágico
XXXI,sainete,saine tú
XXXI,cuya,cuyo
XXXI,absurda,absurdo
XXXI,fábula,fábular
XXXI,cómico,cómico
XXXI,grave,grave
XXXI,confundidos,confundido
XXXI,risas,risa
XXXI,llanto,llanto
XXXI,arrancan,arrancir
XXXI,peor,peor
XXXI,aquella,aquel
XXXI,historia,historia
XXXI,fin,fin
XXXI,jornada,jornada
XXXI,tocaron,tocar
XXXI,lágrimas,lágrima
XXXI,risas,risa
XXXI,sólo,sólo
XXXI,lágrimas,lágrima
XXXII,pasaba,pasar
XXXII,arrolladora,arrolladora
XXXII,hermosura,hermosura
XXXII,paso,paso
XXXII,dejé,dejar
XXXII,aun,aun
XXXII,mirarla,mirar él
XXXII,volví,volví
XXXII,obstante,obstante
XXXII,oído,oer
XXXII,murmuró,murmurar
XXXII,quién,quién
XXXII,reunió,reunir
XXXII,tarde,tarde
XXXII,mañana,mañana
XXXII,ignoro,ignorar
XXXII,sólo,sólo
XXXII,sé,saber
XXXII,breve,breve
XXXII,noche,noche
XXXII,verano,verano
XXXII,unieron,unir
XXXII,crepúsculos,crepúsculo
XXXIII,cuestión,cuestión
XXXIII,palabras,palabra
XXXIII,obstante,obstante
XXXIII,jamás,jamás
XXXIII,después,después
XXXIII,pasado,pasado
XXXIII,convendremos,convendrer
XXXIII,quién,quién
XXXIII,culpa,culpa
XXXIII,lástima,lástima
XXXIII,amor,amor
XXXIII,diccionario,diccionario
XXXIII,dónde,dónde
XXXIII,hallar,hallar
XXXIII,orgullo,orgullo
XXXIII,simplemente,simplemente
XXXIII,orgullo,orgullo
XXXIII,dignidad,dignidad
XXXIV,cruza,cruzar
XXXIV,callada,callado
XXXIV,movimientos,movimiento
XXXIV,silenciosa,silencioso
XXXIV,armonía,armonir
XXXIV,suenan,sonar
XXXIV,pasos,paso
XXXIV,sonar,sonar
XXXIV,recuerdan,recordar
XXXIV,himno,himno
XXXIV,alado,alado
XXXIV,cadencia,cadencia
XXXIV,rítmica,rítmico
XXXIV,entreabre,entreabrir
XXXIV,aquellos,aquel
XXXIV,ojos,ojo
XXXIV,tan,tanto
XXXIV,claros,claro
XXXIV,día,día
XXXIV,tierra,tierra
XXXIV,cielo,cielo
XXXIV,abarcan,abarcar
XXXIV,arden,arder
XXXIV,nueva,nuevo
XXXIV,luz,luz
XXXIV,pupilas,pupila
XXXIV,ríe,ríar
XXXIV,carcajada,carcajado
XXXIV,notas,nota
XXXIV,agua,agua
XXXIV,fugitiva,fugitivo
XXXIV,llora,llorar
XXXIV,cada,cada
XXXIV,lágrima,lágrimir
XXXIV,poema,poema
XXXIV,ternura,ternura
XXXIV,infinita,infinitar
XXXIV,luz,luz
XXXIV,perfume,perfumir
XXXIV,color,color
XXXIV,línea,línea
XXXIV,forma,forma
XXXIV,engendradora,engendradoro
XXXIV,deseos,deseo
XXXIV,expresión,expresión
XXXIV,fuente,fuente
XXXIV,eterna,eterno
XXXIV,poesía,poesía
XXXIV,estúpida,estúpido
XXXIV,bah,bah
XXXIV,mientras,mientras
XXXIV,callando,callar
XXXIV,guarde,guardar
XXXIV,obscuro,obscuro
XXXIV,enigma,enigma
XXXIV,siempre,siempre
XXXIV,valdrá,valer
XXXIV,ver,ver
XXXIV,calla,callar
XXXIV,cualquiera,cualquiera
XXXIV,diga,decir
XXXV,admiró,admirar
XXXV,olvido,olvir
XXXV,aunque,aunque
XXXV,día,día
XXXV,admiró,admirar
XXXV,cariño,cariño
XXXV,vale,valer
XXXV,pudiste,pudistar
XXXV,sospechar,sospechar
XXXVI,si,si
XXXVI,agravios,agravio
XXXVI,libro,libro
XXXVI,escribiese,escribir
XXXVI,historia,historia
XXXVI,borrase,borrase
XXXVI,almas,alma
XXXVI,cuanto,cuanto
XXXVI,borrase,borrase
XXXVI,hojas,hoja
XXXVI,quiero,querer
XXXVI,aún,aún
XXXVI,dejó,dejar
XXXVI,pecho,pecho
XXXVI,amor,amor
XXXVI,huellas,huella
XXXVI,tan,tanto
XXXVI,hondas,hondo
XXXVI,sólo,sólo
XXXVI,borrases,borrás
XXXVI,borraba,borrar
XXXVI,todas,todo
XXXVII,moriré,moriré
XXXVII,escondido,escondido
XXXVII,entrañas,entraña
XXXVII,hierro,hierro
XXXVII,llevo,llevar
XXXVII,abrió,abrir
XXXVII,mano,mano
XXXVII,ancha,ancho
XXXVII,herida,herido
XXXVII,mortal,mortal
XXXVII,moriré,moriré
XXXVII,espíritu,espíritu
XXXVII,empeño,empeño
XXXVII,tenaz,tenaz
XXXVII,sentándose,sentar él
XXXVII,puertas,puerta
XXXVII,muerte,muerte
XXXVII,allí,allí
XXXVII,esperará,esperar
XXXVII,horas,hora
XXXVII,días,día
XXXVII,días,día
XXXVII,años,año
XXXVII,volarán,volar
XXXVII,aquella,aquel
XXXVII,puerta,puerta
XXXVII,llamarás,llamarás
XXXVII,cabo,cabo
XXXVII,quién,quién
XXXVII,deja,dejar
XXXVII,llamar,llamar
XXXVII,entonces,entonces
XXXVII,culpa,culpa
XXXVII,despojos,despojo
XXXVII,tierra,tierra
XXXVII,guardará,guardar
XXXVII,lavándote,lavándote
XXXVII,ondas,onda
XXXVII,muerte,muerte
XXXVII,jordán,jordán
XXXVII,allí,allí
XXXVII,murmullo,murmullo
XXXVII,vida,vida
XXXVII,temblando,temblar
XXXVII,morir,morir
XXXVII,va,ir
XXXVII,ola,ola
XXXVII,playa,playa
XXXVII,viene,venir
XXXVII,silenciosa,silencioso
XXXVII,expirar,expirar
XXXVII,allí,allí
XXXVII,sepulcro,sepulcro
XXXVII,cierra,cerrar
XXXVII,abre,abrir
XXXVII,eternidad,eternidad
XXXVII,dos,dos
XXXVII,callado,callado
XXXVII,hablar,hablar
XXXVIII,suspiros,suspiro
XXXVIII,aire,aire
XXXVIII,van,ir
XXXVIII,aire,aire
XXXVIII,lágrimas,lágrima
XXXVIII,agua,agua
XXXVIII,van,ir
XXXVIII,mar,mar
XXXVIII,dime,dimir
XXXVIII,mujer,mujer
XXXVIII,amor,amor
XXXVIII,olvida,olvidar
XXXVIII,sabes,saber
XXXVIII,adónde,adónde
XXXVIII,va,ir
XXXIX,salvaje,salvaje
XXXIX,torpe,torpe
XXXIX,mano,mano
XXXIX,hace,hacer
XXXIX,tronco,tronco
XXXIX,capricho,capricho
XXXIX,dios,dios
XXXIX,luego,luego
XXXIX,obra,obra
XXXIX,arrodilla,arrodilla
XXXIX,hicimos,hicimos
XXXIX,dimos,dar
XXXIX,formas,forma
XXXIX,reales,real
XXXIX,fantasma,fantasma
XXXIX,mente,mente
XXXIX,ridícula,ridículo
XXXIX,invención,invención
XXXIX,hecho,hecho
XXXIX,ídolo,ídolo
XXXIX,sacrificamos,sacrificar
XXXIX,altar,altar
XXXIX,amor,amor
XL,mano,mano
XL,manos,mano
XL,ojos,ojo
XL,ojos,ojo
XL,amorosa,amoroso
XL,cabeza,cabeza
XL,apoyada,apoyado
XL,hombro,hombro
XL,dios,dios
XL,sabe,saber
XL,cuántas,cuánta
XL,veces,vez
XL,paso,paso
XL,perezoso,perezoso
XL,vagado,vagar
XL,juntos,junto
XL,bajo,bajo
XL,altos,alto
XL,olmos,olmos
XL,casa,casa
XL,prestan,prestar
XL,misterio,misterio
XL,sombra,sombra
XL,pórtico,pórtico
XL,ayer,ayer
XL,año,año
XL,apenas,apenas
XL,pasando,pasar
XL,soplo,soplo
XL,exquisita,exquisitar
XL,gracia,gracia
XL,admirable,admirable
XL,aplomo,aplomo
XL,dijo,decir
XL,presentarnos,presentarno
XL,amigo,amigo
XL,oficioso,oficioso
XL,creo,creer
XL,alguna,alguno
XL,parte,parte
XL,visto,ver
XL,usted,usted
XL,ah,ah
XL,bobos,bobo
XL,salones,salón
XL,comadres,comadre
XL,buen,buen
XL,tono,tono
XL,andáis,andáis
XL,allí,allí
XL,caza,cazar
XL,galantes,galant
XL,embrollos,embrollo
XL,historía,histoer
XL,perdido,perdido
XL,manjar,manjar
XL,tan,tanto
XL,sabroso,sabroso
XL,ser,ser
XL,devorado,devorar
XL,soto,soto
XL,voce,vocir
XL,corro,corro
XL,detrás,detrás
XL,abanico,abanico
XL,plumas,pluma
XL,oro,oro
XL,discreta,discreto
XL,casta,casta
XL,luna,luna
XL,copudos,copudo
XL,altos,alto
XL,olmos,olmos
XL,paredes,pared
XL,casa,casa
XL,umbrales,umbral
XL,pórtico,pórtico
XL,callad,callad
XL,secreto,secreto
XL,salga,salir
XL,callad,callad
XL,parte,parte
XL,vivido,vivido
XL,máscara,máscara
XL,semejante,semejante
XL,rostro,rostro
XLI,huracán,huracán
XLI,alta,alto
XLI,torre,torrir
XLI,desafía,desafíar
XLI,poder,poder
XLI,estrellarte,estrellartar
XLI,abatirme,abatir yo
XLI,pudo,poder
XLI,ser,ser
XLI,océano,océano
XLI,enhiesta,enhiesto
XLI,roca,rocar
XLI,firme,firme
XLI,aguarda,aguarda
XLI,vaivén,vaiver
XLI,romperte,romper tú
XLI,arrancarme,arrancar yo
XLI,pudo,poder
XLI,ser,ser
XLI,hermosa,hermoso
XLI,altivo,altivo
XLI,acostumbrados,acostumbrado
XLI,arrollar,arrollar
XLI,ceder,ceder
XLI,senda,senda
XLI,estrecha,estrecho
XLI,inevitable,inevitable
XLI,choque,choque
XLI,pudo,poder
XLI,ser,ser
XLII,contaron,contar
XLII,sentí,sentir
XLII,frío,frío
XLII,hoja,hoja
XLII,acero,acero
XLII,entrañas,entraña
XLII,apoyé,apoyé
XLII,muro,muro
XLII,instante,instante
XLII,conciencia,conciencia
XLII,perdí,perder
XLII,cayó,caer
XLII,espíritu,espíritu
XLII,noche,noche
XLII,ira,ira
XLII,piedad,piedad
XLII,anegó,anegar
XLII,alma,alma
XLII,revelo,revelo
XLII,llora,llorar
XLII,comprendí,comprendí
XLII,vez,vez
XLII,mata,mata
XLII,pasó,pasar
XLII,nube,nube
XLII,dolor,dolor
XLII,pena,pena
XLII,logré,logré
XLII,balbucear,balbucear
XLII,breves,breve
XLII,palabras,palabra
XLII,quién,quién
XLII,dio,dar
XLII,noticia,noticia
XLII,fiel,fiel
XLII,amigo,amigo
XLII,hacia,hacia
XLII,gran,gran
XLII,favor,favor
XLII,di,dar
XLII,gracias,gracias
XLIII,dejé,dejar
XLIII,luz,luz
XLIII,lado,lado
XLIII,borde,bordar
XLIII,revuelta,revuelta
XLIII,cama,cama
XLIII,senté,sentar
XLIII,mudo,mudo
XLIII,sombrío,sombrío
XLIII,pupila,pupila
XLIII,inmóvil,inmóvil
XLIII,clavada,clavado
XLIII,pared,pared
XLIII,tiempo,tiempo
XLIII,así,así
XLIII,sé,saber
XLIII,dejarme,dejar yo
XLIII,embriaguez,embriaguez
XLIII,horrible,horrible
XLIII,dolor,dolor
XLIII,expiraba,expirar
XLIII,luz,luz
XLIII,balcones,balcón
XLIII,reía,reir
XLIII,sol,sol
XLIII,sé,saber
XLIII,tampoco,tampoco
XLIII,tan,tanto
XLIII,terribles,terrible
XLIII,horas,hora
XLIII,pensaba,pensar
XLIII,pasó,pasar
XLIII,solo,solo
XLIII,recuerdo,recordar
XLIII,lloré,lloré
XLIII,maldije,maldije
XLIII,aquella,aquel
XLIII,noche,noche
XLIII,envejecí,envejecí
XLIV,libro,libro
XLIV,abierto,abierto
XLIV,leo,leo
XLIV,pupilas,pupila
XLIV,fondo,fondo
XLIV,fingir,fingir
XLIV,labio,labio
XLIV,risas,risa
XLIV,desmienten,desmentir
XLIV,ojos,ojo
XLIV,llora,llorar
XLIV,avergüences,avergüenz
XLIV,confesar,confesar
XLIV,quisiste,quisiste
XLIV,llora,llorar
XLIV,nadie,nadie
XLIV,mira,mirar
XLIV,ves,ver
XLIV,hombre,hombre
XLIV,lloro,lloro
XLV,clave,clave
XLV,arco,arco
XLV,ruinoso,ruinoso
XLV,cuyas,cuyo
XLV,piedras,piedra
XLV,tiempo,tiempo
XLV,enrojeció,enrojeceír
XLV,obra,obra
XLV,cincel,cincel
XLV,rudo,rudo
XLV,campeaba,campear
XLV,gótico,gótico
XLV,blasón,blasón
XLV,penacho,penacho
XLV,yelmo,yelmo
XLV,granito,granitir
XLV,yedra,yedra
XLV,colgaba,colgar
XLV,derredor,derredor
XLV,daba,dar
XLV,sombra,sombra
XLV,escudo,escudo
XLV,mano,mano
XLV,corazón,corazón
XLV,contemplarle,contemplar él
XLV,desierta,desierta
XLV,plaza,plaza
XLV,paramos,parar
XLV,dos,dos
XLV,ése,ese
XLV,dijo,decir
XLV,cabal,cabal
XLV,emblema,emblema
XLV,constante,constante
XLV,amor,amor
XLV,ay,ay
XLV,verdad,verdad
XLV,dijo,decir
XLV,entonces,entonces
XLV,verdad,verdad
XLV,corazón,corazón
XLV,llevará,llevar
XLV,mano,mano
XLV,cualquier,cualquiera
XLV,parte,parte
XLV,pecho,pecho
XLVI,aliento,aliento
XLVI,aliento,aliento
XLVI,flores,flor
XLVI,voz,voz
XLVI,cisnes,cisn
XLVI,armonía,armonir
XLVI,mirada,mirada
XLVI,esplendor,esplendor
XLVI,día,día
XLVI,color,color
XLVI,rosa,rosa
XLVI,color,color
XLVI,prestas,presta
XLVI,nueva,nuevo
XLVI,vida,vida
XLVI,esperanza,esperanza
XLVI,corazón,corazón
XLVI,amor,amor
XLVI,muerto,muerto
XLVI,creces,creces
XLVI,vida,vida
XLVI,desierto,desierto
XLVI,crece,crecer
XLVI,páramo,páramo
XLVI,flor,flor
XLVII,asomado,asomado
XLVII,profundas,profundo
XLVII,simas,sima
XLVII,tierra,tierra
XLVII,cielo,cielo
XLVII,visto,ver
XLVII,fin,fin
XLVII,ojos,ojo
XLVII,pensamiento,pensamiento
XLVII,mas,mas
XLVII,ay,ay
XLVII,corazón,corazón
XLVII,llegué,llegar
XLVII,abismo,abismo
XLVII,incliné,incliné
XLVII,verlo,ver él
XLVII,alma,alma
XLVII,ojos,ojo
XLVII,turbaron,turbar
XLVII,tan,tanto
XLVII,hondo,hondo
XLVII,tan,tanto
XLVII,negro,negro
XLVIII,alguna,alguno
XLVIII,vez,vez
XLVIII,encuentro,encuentro
XLVIII,mundo,mundo
XLVIII,pasa,pasar
XLVIII,junto,junto
XLVIII,pasa,pasar
XLVIII,sonriéndose,sonreir él
XLVIII,digo,decir
XLVIII,cómo,cómo
XLVIII,puede,poder
XLVIII,reír,reír
XLVIII,luego,luego
XLVIII,asoma,asoma
XLVIII,labio,labio
XLVIII,sonrisa,sonrisa
XLVIII,máscara,máscara
XLVIII,dolor,dolor
XLVIII,entonces,entonces
XLVIII,pienso,pensar
XLVIII,acaso,acaso
XLVIII,ríe,ríar
XLVIII,río,río
XLIX,decís,decís
XLIX,sé,saber
XLIX,mudable,mudable
XLIX,altanera,altanera
XLIX,vana,vano
XLIX,caprichosa,caprichoso
XLIX,sentimiento,sentimiento
XLIX,alma,alma
XLIX,brotará,brotar
XLIX,agua,agua
XLIX,estéril,estéril
XLIX,roca,rocar
XLIX,sé,saber
XLIX,corazón,corazón
XLIX,nido,nido
XLIX,sierpes,sierp
XLIX,fibra,fibrar
XLIX,amor,amor
XLIX,responda,respondar
XLIX,estatua,estatua
XLIX,inanimada,inanimado
XLIX,tan,tanto
XLIX,hermosa,hermoso
L,vida,vida
L,resta,resta
L,diera,dar
L,gusto,gusto
L,mejores,mejor
L,años,año
L,saber,saber
L,hablado,hablar
L,vida,vida
L,mortal,mortal
L,eterna,eterno
L,toque,tocar
L,si,si
L,toca,tocar
L,saber,saber
L,solas,solo
L,pensado,pensado
LI,olas,ola
LI,gigantes,gigante
LI,rompéis,rompéi
LI,bramando,bramar
LI,playas,playa
LI,desiertas,desierta
LI,remotas,remota
LI,envuelto,envuelto
LI,sábana,sábán
LI,espumas,espuma
LI,llevadme,llevadme
LI,ráfagas,ráfaga
LI,huracán,huracán
LI,arrebatáis,arrebatáis
LI,alto,alto
LI,bosque,bosque
LI,marchitas,marchita
LI,hojas,hoja
LI,arrastrado,arrastrado
LI,ciego,ciego
LI,torbellino,torbellino
LI,llevadme,llevadme
LI,nubes,nube
LI,tempestad,tempestad
LI,rompe,romper
LI,rayo,rayo
LI,fuego,fuego
LI,encienden,encender
LI,sangrientas,sangrienta
LI,orlas,orla
LI,arrebatado,arrebatado
LI,niebla,niebla
LI,oscura,oscuro
LI,llevadme,llevadme
LI,llevadme,llevadme
LI,piedad,piedad
LI,vértigo,vértigo
LI,razón,razón
LI,arranque,arranque
LI,memoria,memoria
LI,piedad,piedad
LI,miedo,miedo
LI,quedarme,quedar yo
LI,dolor,dolor
LI,solas,solo
LII,volverán,volver
LII,oscuras,oscura
LII,golondrinas,golondrina
LII,balcón,balcón
LII,nidos,nido
LII,colgar,colgar
LII,vez,vez
LII,ala,ala
LII,cristales,cristal
LII,jugando,jugar
LII,llamarán,llamar
LII,aquellas,aquel
LII,vuelo,vuelo
LII,refrenaban,refrenar
LII,hermosura,hermosura
LII,dicha,dicho
LII,contemplar,contemplar
LII,aquellas,aquel
LII,aprendieron,aprender
LII,nombres,nombre
LII,ésas,ésas
LII,volverán,volver
LII,volverán,volver
LII,tupidas,tupida
LII,madreselvas,madreselva
LII,jardín,jardín
LII,tapias,tapia
LII,escalar,escalar
LII,vez,vez
LII,tarde,tarde
LII,aún,aún
LII,hermosas,hermosa
LII,flores,flor
LII,abrirán,abrir
LII,aquellas,aquel
LII,cuajadas,cuajada
LII,rocío,rocío
LII,cuyas,cuyo
LII,gotas,gota
LII,mirábamos,mirábar
LII,temblar,temblar
LII,caer,caer
LII,lágrimas,lágrima
LII,día,día
LII,ésas,ésas
LII,volverán,volver
LII,volverán,volver
LII,amor,amor
LII,oídos,oído
LII,palabras,palabra
LII,ardientes,ardient
LII,sonar,sonar
LII,corazón,corazón
LII,profundo,profundo
LII,sueño,sueño
LII,tal,tal
LII,vez,vez
LII,despertará,despertar
LII,mudo,mudo
LII,absorto,absorto
LII,rodillas,rodilla
LII,adora,adorar
LII,dios,dios
LII,altar,altar
LII,querido,querido
LII,desengáñate,desengáñate
LII,así,así
LII,querrán,querer
LIII,volvemos,volver
LIII,fugaces,fugaz
LIII,horas,hora
LIII,pasado,pasado
LIII,evocar,evocar
LIII,temblando,temblar
LIII,brilla,brillar
LIII,pestañas,pestaña
LIII,negras,negra
LIII,lágrima,lágrimir
LIII,pronta,prontar
LIII,resbalar,resbalar
LIII,fin,fin
LIII,resbala,resbala
LIII,cae,caer
LIII,gota,gota
LIII,rocío,rocío
LIII,pensar,pensar
LIII,hoy,hoy
LIII,ayer,ayer
LIII,hoy,hoy
LIII,mañana,mañana
LIII,volveremos,volver
LIII,dos,dos
LIII,suspirar,suspirar
LIV,discorde,discordar
LIV,estruendo,estruendo
LIV,orgía,orgía
LIV,acarició,acariciar
LIV,oído,oer
LIV,nota,nota
LIV,lejana,lejano
LIV,música,música
LIV,eco,eco
LIV,suspiro,suspirar
LIV,eco,eco
LIV,suspiro,suspirar
LIV,conozco,conocer
LIV,formado,formado
LIV,aliento,aliento
LIV,bebido,bebido
LIV,perfume,perfumir
LIV,flor,flor
LIV,oculta,ocultar
LIV,crece,crecer
LIV,claustro,claustro
LIV,sombrío,sombrío
LIV,adorada,adorado
LIV,día,día
LIV,cariñosa,cariñoso
LIV,piensas,piensa
LIV,dijo,decir
LIV,lloras,lloras
LIV,alegre,alegre
LIV,tristeza,tristeza
LIV,triste,triste
LIV,vino,venir
LV,hoy,hoy
LV,ayer,ayer
LV,mañana,mañana
LV,hoy,hoy
LV,siempre,siempre
LV,igual,igual
LV,cielo,cielo
LV,gris,gris
LV,horizonte,horizonte
LV,eterno,eterno
LV,andar,andar
LV,andar,andar
LV,moviéndose,mover él
LV,compás,compás
LV,estúpida,estúpido
LV,máquina,máquina
LV,corazón,corazón
LV,torpe,torpe
LV,inteligencia,inteligencia
LV,cerebro,cerebro
LV,dormida,dormido
LV,rincón,rincón
LV,alma,alma
LV,ambiciona,ambicionar
LV,paraíso,paraíso
LV,buscándole,buscándolar
LV,fe,fe
LV,fatiga,fatiga
LV,objeto,objeto
LV,ola,ola
LV,rueda,rodar
LV,ignorando,ignorar
LV,voz,voz
LV,incesante,incesante
LV,mismo,mismo
LV,tono,tono
LV,canta,cantar
LV,mismo,mismo
LV,cantar,cantar
LV,gota,gota
LV,agua,agua
LV,monótona,monótonar
LV,cae,caer
LV,cae,caer
LV,cesar,cesar
LV,así,así
LV,van,ir
LV,deslizándose,deslizar él
LV,días,día
LV,pos,pos
LV,hoy,hoy
LV,mismo,mismo
LV,ayer,ayer
LV,goce,gocir
LV,dolor,dolor
LV,ay,ay
LV,veces,vez
LV,acuerdo,acuerdo
LV,suspirando,suspirar
LV,antiguo,antiguo
LV,sufrir,sufrir
LV,amargo,amargo
LV,dolor,dolor
LV,siquiera,siquiera
LV,padecer,padecer
LV,vivir,vivir
LVI,quieres,querer
LVI,néctar,néctar
LVI,delicioso,delicioso
LVI,amargue,amarguir
LVI,hez,hez
LVI,pues,pues
LVI,aspírale,aspíralar
LVI,acércale,acércale
LVI,labios,labio
LVI,déjale,déjale
LVI,después,después
LVI,quieres,querer
LVI,conservemos,conserver
LVI,dulce,dulce
LVI,memoria,memoria
LVI,amor,amor
LVI,pues,pues
LVI,amémonos,amémono
LVI,hoy,hoy
LVI,mañana,mañana
LVI,digámonos,digamo yo
LVI,adiós,adiós
LVII,sé,saber
LVII,cuál,cuál
LVII,objeto,objeto
LVII,suspiros,suspiro
LVII,conozco,conocer
LVII,causa,causa
LVII,dulce,dulce
LVII,secreta,secreto
LVII,languidez,languidez
LVII,ríes,rí
LVII,algún,alguno
LVII,día,día
LVII,sabrás,sabrás
LVII,niña,niña
LVII,sabes,saber
LVII,apenas,apenas
LVII,sé,saber
LVII,sé,saber
LVII,sueñas,sueña
LVII,sueños,sueño
LVII,ves,ver
LVII,libro,libro
LVII,puedo,poder
LVII,callas,calla
LVII,frente,frente
LVII,leer,leer
LVII,ríes,rí
LVII,algún,alguno
LVII,día,día
LVII,sabrás,sabrás
LVII,niña,niña
LVII,sabes,saber
LVII,apenas,apenas
LVII,sé,saber
LVII,sé,saber
LVII,sonríes,sonrí
LVII,lloras,lloras
LVII,vez,vez
LVII,penetro,penetro
LVII,senos,seno
LVII,misteriosos,misterioso
LVII,alma,alma
LVII,mujer,mujer
LVII,ríes,rí
LVII,algún,alguno
LVII,día,día
LVII,sabrás,sabrás
LVII,niña,niña
LVII,mientras,mientras
LVII,sientes,sient
LVII,sabes,saber
LVII,siento,sentir
LVII,sé,saber
LVIII,ver,ver
LVIII,horas,hora
LVIII,fiebre,fiebre
LVIII,insomnio,insomnio
LVIII,lentas,lenta
LVIII,pasar,pasar
LVIII,orilla,orilla
LVIII,lecho,lecho
LVIII,quién,quién
LVIII,sentará,sentar
LVIII,trémula,trémular
LVIII,mano,mano
LVIII,tienda,tiendar
LVIII,próximo,próximo
LVIII,expirar,expirar
LVIII,buscando,buscar
LVIII,mano,mano
LVIII,amiga,amiga
LVIII,quién,quién
LVIII,estrechará,estrechar
LVIII,muerte,muerte
LVIII,vidríe,vidreír
LVIII,ojos,ojo
LVIII,cristal,cristal
LVIII,párpados,párpado
LVIII,aún,aún
LVIII,abiertos,abierto
LVIII,quién,quién
LVIII,cerrará,cerrar
LVIII,campana,campana
LVIII,suene,sonar
LVIII,si,si
LVIII,suena,sonar
LVIII,funeral,funeral
LVIII,oración,oración
LVIII,oírla,oir él
LVIII,quién,quién
LVIII,murmurará,murmurar
LVIII,pálidos,pálido
LVIII,restos,resto
LVIII,oprima,oprima
LVIII,tierra,tierra
LVIII,olvidada,olvidado
LVIII,fosa,fós
LVIII,quién,quién
LVIII,vendar,vendar
LVIII,llorar,llorar
LVIII,quién,quién
LVIII,fin,fin
LVIII,día,día
LVIII,sol,sol
LVIII,vuelva,volver
LVIII,brillar,brillar
LVIII,pasé,pasar
LVIII,mundo,mundo
LVIII,quién,quién
LVIII,acordará,acordar
LIX,herido,herido
LIX,recatándose,recatar él
LIX,sombras,sombra
LIX,sellando,sellar
LIX,beso,beso
LIX,traición,traición
LIX,brazos,brazo
LIX,echó,echar
LIX,cuello,cuello
LIX,espalda,espalda
LIX,partió,partir
LIX,sangre,sangre
LIX,fría,fer
LIX,corazón,corazón
LIX,impávida,impávido
LIX,sigue,seguir
LIX,camino,camino
LIX,feliz,feliz
LIX,risueña,risueña
LIX,impávida,impávido
LIX,brota,brota
LIX,sangre,sangre
LIX,herida,herido
LIX,muerto,muerto
LIX,pie,pie
LX,arranca,arranca
LX,hierro,hierro
LX,herida,herido
LX,amor,amor
LX,entrañas,entraña
LX,arranqué,arranqué
LX,aunque,aunque
LX,sentí,sentir
LX,hacerlo,hacer él
LX,vida,vida
LX,arrancaba,arrancar
LX,altar,altar
LX,alcé,alcé
LX,alma,alma
LX,voluntad,voluntad
LX,imagen,imagen
LX,arrojó,arrojar
LX,luz,luz
LX,fe,fe
LX,ardía,arder
LX,ara,ar
LX,desierta,desierta
LX,apagó,apagar
LX,aún,aún
LX,turbando,turbar
LX,noche,noche
LX,firme,firme
LX,empeño,empeño
LX,vive,vivir
LX,idea,idea
LX,visión,visión
LX,tenaz,tenaz
LX,cuándo,cuándo
LX,podré,poder
LX,dormir,dormir
LX,sueño,sueño
LX,acaba,acabar
LX,soñar,soñar
LXI,armazón,armazón
LXI,huesos,hueso
LXI,pellejo,pellejo
LXI,pasear,pasear
LXI,cabeza,cabeza
LXI,loca,locar
LXI,cansado,cansado
LXI,halla,halla
LXI,fin,fin
LXI,extraño,extraño
LXI,pues,pues
LXI,aunque,aunque
LXI,verdad,verdad
LXI,viejo,viejo
LXI,parte,parte
LXI,vida,vida
LXI,toca,tocar
LXI,vida,vida
LXI,mundo,mundo
LXI,daño,daño
LXI,hecho,hecho
LXI,uso,uso
LXI,tal,tal
LXI,juraría,jurar
LXI,condensado,condensado
LXI,siglo,siglo
LXI,cada,cada
LXI,día,día
LXI,así,así
LXI,aunque,aunque
LXI,ahora,ahora
LXI,muriera,morir
LXI,podría,poder
LXI,decir,decir
LXI,vivido,vivido
LXI,sayo,sayo
LXI,parecer,parecer
LXI,nuevo,nuevo
LXI,conozco,conocer
LXI,dentro,dentro
LXI,envejecido,envejecido
LXI,envejecido,envejecido
LXI,pese,pese
LXI,estrella,estrella
LXI,harto,harto
LXI,dice,decir
LXI,afán,afán
LXI,doliente,doliente
LXI,dolor,dolor
LXI,pasar,pasar
LXI,horrible,horrible
LXI,huella,huella
LXI,graba,grar
LXI,corazón,corazón
LXI,si,si
LXI,frente,frente
LXII,primero,primero
LXII,albor,albor
LXII,trémulo,trémulo
LXII,vago,vago
LXII,raya,rayar
LXII,inquieta,inquieta
LXII,luz,luz
LXII,corta,cortar
LXII,mar,mar
LXII,luego,luego
LXII,chispea,chispear
LXII,crece,crecer
LXII,difunde,difundir
LXII,ardiente,ardiente
LXII,explosión,explosión
LXII,claridad,claridad
LXII,brilladora,brilladora
LXII,lumbre,lumbre
LXII,alegría,alegría
LXII,temerosa,temeroso
LXII,sombra,sombra
LXII,pesar,pesar
LXII,ay,ay
LXII,oscura,oscuro
LXII,noche,noche
LXII,alma,alma
LXII,cuándo,cuándo
LXII,amanecerá,amanecer
LXIII,enjambre,enjambre
LXIII,abejas,abeja
LXIII,irritadas,irritada
LXIII,obscuro,obscuro
LXIII,rincón,rincón
LXIII,memoria,memoria
LXIII,salen,salir
LXIII,perseguirnos,perseguirno
LXIII,recuerdos,recuerdo
LXIII,pasadas,pasado
LXIII,horas,hora
LXIII,quiero,querer
LXIII,ahuyentar,ahuyentar
LXIII,esfuerzo,esfuerzo
LXIII,tan,tanto
LXIII,inútil,inútil
LXIII,rodean,rodear
LXIII,acosan,acosar
LXIII,tras,tras
LXIII,clavarme,clavar yo
LXIII,vienen,venir
LXIII,agudo,agudo
LXIII,aguijón,aguijón
LXIII,alma,alma
LXIII,encona,encona
LXIV,guarda,guardar
LXIV,avaro,avaro
LXIV,tesoro,tesoro
LXIV,guardaba,guardar
LXIV,dolor,dolor
LXIV,quería,querer
LXIV,probar,probar
LXIV,eterno,eterno
LXIV,eterno,eterno
LXIV,juró,jurar
LXIV,amor,amor
LXIV,mas,mas
LXIV,hoy,hoy
LXIV,llamo,llamar
LXIV,vano,vano
LXIV,oigo,oír
LXIV,tiempo,tiempo
LXIV,agotó,agotar
LXIV,decir,decir
LXIV,ah,ah
LXIV,barro,barro
LXIV,miserable,miserable
LXIV,eternamente,eternamente
LXIV,podrás,podrás
LXIV,aun,aun
LXIV,sufrir,sufrir
LXV,llegó,llegar
LXV,noche,noche
LXV,encontré,encontrar
LXV,asilo,asilo
LXV,sed,sed
LXV,lágrimas,lágrima
LXV,bebí,beber
LXV,hambre,hambre
LXV,hinchados,hinchado
LXV,ojos,ojo
LXV,cerré,cerré
LXV,morir,morir
LXV,desierto,desierto
LXV,aunque,aunque
LXV,oído,oer
LXV,turbas,turbas
LXV,llegaba,llegar
LXV,ronco,ronco
LXV,hervir,hervir
LXV,huérfano,huérfano
LXV,pobre,pobre
LXV,mundo,mundo
LXV,desierto,desierto
LXVI,dónde,dónde
LXVI,vengo,venir
LXVI,horrible,horrible
LXVI,áspero,áspero
LXVI,senderos,sendero
LXVI,busca,buscar
LXVI,huellas,huella
LXVI,pies,pie
LXVI,ensangrentados,ensangrentado
LXVI,roca,rocar
LXVI,dura,duro
LXVI,despojos,despojo
LXVI,alma,alma
LXVI,hecha,hecho
LXVI,jirones,jirón
LXVI,zarzas,zarza
LXVI,agudas,agudo
LXVI,dirán,decir
LXVI,camino,camino
LXVI,conduce,conducir
LXVI,cuna,cuna
LXVI,voy,ir
LXVI,sombrío,sombrío
LXVI,triste,triste
LXVI,páramos,páramo
LXVI,cruza,cruzar
LXVI,valle,valle
LXVI,eternas,eterna
LXVI,nieves,nieve
LXVI,eternas,eterna
LXVI,melancólicas,melancólica
LXVI,brumas,bruma
LXVI,piedra,piedra
LXVI,solitaria,solitaria
LXVI,inscripción,inscripción
LXVI,alguna,alguno
LXVI,habite,habite
LXVI,olvido,olvir
LXVI,allí,allí
LXVI,tumba,tumba
LXVII,hermoso,hermoso
LXVII,ver,ver
LXVII,día,día
LXVII,coronado,coronado
LXVII,fuego,fuego
LXVII,levantarse,levantar él
LXVII,beso,beso
LXVII,lumbre,lumbre
LXVII,brillar,brillar
LXVII,olas,ola
LXVII,encenderse,encender él
LXVII,aire,aire
LXVII,hermoso,hermoso
LXVII,tras,tras
LXVII,lluvia,lluvia
LXVII,triste,triste
LXVII,otoño,otoño
LXVII,azulada,azulado
LXVII,tarde,tarde
LXVII,húmedas,húmeda
LXVII,flores,flor
LXVII,perfume,perfumir
LXVII,beber,beber
LXVII,saciarse,saciar él
LXVII,hermoso,hermoso
LXVII,copos,copo
LXVII,blanca,blanco
LXVII,nieve,nieve
LXVII,silenciosa,silencioso
LXVII,cae,caer
LXVII,inquietas,inquieta
LXVII,llamas,llama
LXVII,ver,ver
LXVII,rojizas,rojiza
LXVII,lenguas,lengua
LXVII,agitarse,agitar él
LXVII,hermoso,hermoso
LXVII,sueño,sueño
LXVII,dormir,dormir
LXVII,bien,bien
LXVII,roncar,roncar
LXVII,sochantre,sochantre
LXVII,comer,comer
LXVII,engordar,engordar
LXVII,desgracia,desgracia
LXVII,solo,solo
LXVII,baste,bastar
LXVIII,sé,saber
LXVIII,soñado,soñado
LXVIII,noche,noche
LXVIII,pasada,pasado
LXVIII,triste,triste
LXVIII,triste,triste
LXVIII,debió,deber
LXVIII,ser,ser
LXVIII,sueño,sueño
LXVIII,pues,pues
LXVIII,despierto,despierto
LXVIII,angustia,angustiar
LXVIII,duraba,durar
LXVIII,noté,noté
LXVIII,incorporarme,incorporar yo
LXVIII,húmeda,húmedar
LXVIII,almohada,almohado
LXVIII,primera,primero
LXVIII,vez,vez
LXVIII,sentí,sentir
LXVIII,notarlo,notar él
LXVIII,amargo,amargo
LXVIII,placer,placer
LXVIII,henchirse,henchir él
LXVIII,alma,alma
LXVIII,triste,triste
LXVIII,cosa,cosa
LXVIII,sueño.que,sueño.que
LXVIII,llanto,llanto
LXVIII,arranca,arranca
LXVIII,mas,mas
LXVIII,tristeza,tristeza
LXVIII,alegría,alegría
LXVIII,sé,saber
LXVIII,aún,aún
LXVIII,quedan,quedar
LXVIII,lágrimas,lágrima
LXIX,brillar,brillar
LXIX,relámpago,relámpago
LXIX,nacemos,nacer
LXIX,aún,aún
LXIX,dura,duro
LXIX,fulgor,fulgor
LXIX,morimos,morir
LXIX,tan,tanto
LXIX,corto,corto
LXIX,vivir,vivir
LXIX,gloria,gloria
LXIX,amor,amor
LXIX,tras,tras
LXIX,corremos,correr
LXIX,sombras,sombra
LXIX,sueño,sueño
LXIX,perseguimos,perseguir
LXIX,despertar,despertar
LXIX,morir,morir
LXX,cuántas,cuánta
LXX,veces,vez
LXX,pie,pie
LXX,musgosas,musgosa
LXX,paredes,pared
LXX,guardan,guardar
LXX,oí,oí
LXX,esquila,esquilar
LXX,mediar,mediar
LXX,noche,noche
LXX,maitines,maitín
LXX,llama,llamar
LXX,cuántas,cuánta
LXX,veces,vez
LXX,trazo,trazo
LXX,silueta,silueta
LXX,luna,luna
LXX,plateada,plateado
LXX,junto,junto
LXX,ciprés,ciprés
LXX,huerto,huerto
LXX,asoma,asoma
LXX,tapias,tapia
LXX,sombras,sombra
LXX,iglesia,iglesia
LXX,envolvía,envolver
LXX,ojiva,ojivo
LXX,calada,calado
LXX,cuántas,cuánta
LXX,veces,vez
LXX,temblar,temblar
LXX,vidrios,vidrio
LXX,vi,ver
LXX,fulgor,fulgor
LXX,lámpara,lámpar
LXX,aunque,aunque
LXX,viento,viento
LXX,ángulos,ángulo
LXX,oscuros,oscuro
LXX,torre,torrir
LXX,silbara,silbar
LXX,coro,coro
LXX,voces,voz
LXX,percibía,percibir
LXX,voz,voz
LXX,vibrante,vibrante
LXX,clara,claro
LXX,noches,noche
LXX,invierno,invierno
LXX,si,si
LXX,medroso,medroso
LXX,desierta,desierta
LXX,plaza,plaza
LXX,atrevía,atrevir
LXX,cruzar,cruzar
LXX,divisarme,divisar yo
LXX,paso,paso
LXX,aceleraba,acelerar
LXX,faltó,faltar
LXX,vieja,viejo
LXX,torno,torno
LXX,dijese,decir
LXX,mañana,mañana
LXX,algún,alguno
LXX,sacristán,sacristar
LXX,muerto,muerto
LXX,pecado,pecar
LXX,alma,alma
LXX,oscuras,oscura
LXX,conocía,conocer
LXX,rincones,rincón
LXX,atrio,atrio
LXX,portada,portado
LXX,pies,pie
LXX,ortigas,ortiga
LXX,allí,allí
LXX,crecen,crecer
LXX,huellas,huella
LXX,tal,tal
LXX,vez,vez
LXX,guardan,guardar
LXX,búhos,búho
LXX,espantados,espantado
LXX,seguían,seguir
LXX,ojos,ojo
LXX,llamas,llama
LXX,llegaron,llegar
LXX,mirarme,mirar yo
LXX,tiempo,tiempo
LXX,buen,buen
LXX,camarada,camarado
LXX,lado,lado
LXX,miedo,miedo
LXX,reptiles,reptil
LXX,movían,mover
LXX,rastras,rastra
LXX,mudos,mudo
LXX,santos,santo
LXX,granito,granitir
LXX,creo,creer
LXX,saludaban,saludar
LXXI,dormía,dormir
LXXI,vagaba,vagar
LXXI,limbo,limbo
LXXI,cambian,cambiar
LXXI,forma,forma
LXXI,objetos,objeto
LXXI,misteriosos,misterioso
LXXI,espacios,espacio
LXXI,separan,separar
LXXI,vigilia,vigiliar
LXXI,sueño,sueño
LXXI,ideas,idea
LXXI,ronda,ronda
LXXI,silenciosa,silencioso
LXXI,daban,dar
LXXI,vueltas,vuelta
LXXI,torno,torno
LXXI,cerebro,cerebro
LXXI,danza,danza
LXXI,movían,mover
LXXI,compás,compás
LXXI,lento,lento
LXXI,luz,luz
LXXI,entra,entrar
LXXI,alma,alma
LXXI,ojos,ojo
LXXI,párpados,párpado
LXXI,velaban,velar
LXXI,reflejo,reflejo
LXXI,luz,luz
LXXI,mundo,mundo
LXXI,visiones,visión
LXXI,alumbraba,alumbrar
LXXI,dentro,dentro
LXXI,punto,punto
LXXI,resonó,resonar
LXXI,oído,oer
LXXI,rumor,rumor
LXXI,semejante,semejante
LXXI,templo,templo
LXXI,vaga,vagar
LXXI,confuso,confuso
LXXI,terminar,terminar
LXXI,fieles,fiel
LXXI,amén,amén
LXXI,rezos,rezo
LXXI,oí,oí
LXXI,voz,voz
LXXI,delgada,delgado
LXXI,triste,triste
LXXI,nombre,nombre
LXXI,llamo,llamar
LXXI,lejos,lejos
LXXI,sentí,sentir
LXXI,olor,olor
LXXI,cirios,cirio
LXXI,apagados,apagado
LXXI,humedad,humedad
LXXI,incienso,incienso
LXXI,pasó,pasar
LXXI,noche,noche
LXXI,olvido,olvir
LXXI,brazos,brazo
LXXI,caí,caer
LXXI,piedra,piedra
LXXI,profundo,profundo
LXXI,seno,seno
LXXI,obstante,obstante
LXXI,despertar,despertar
LXXI,exclamé,exclamé
LXXI,alguno,alguno
LXXI,quería,querer
LXXI,muerto,muerto
LXXII,primera,primero
LXXII,voz,voz
LXXII,ondas,onda
LXXII,vaga,vagar
LXXII,armonía,armonir
LXXII,violetas,violeta
LXXII,suave,suave
LXXII,olor,olor
LXXII,brumas,bruma
LXXII,plata,platar
LXXII,noche,noche
LXXII,fría,fer
LXXII,luz,luz
LXXII,oro,oro
LXXII,día,día
LXXII,mejor,mejor
LXXII,amor,amor
LXXII,segunda,segundo
LXXII,voz,voz
LXXII,aura,aura
LXXII,aplausos,aplauso
LXXII,nube,nube
LXXII,rabiosa,rabioso
LXXII,ola,ola
LXXII,envidia,envidia
LXXII,besa,bés
LXXII,pie,pie
LXXII,isla,isla
LXXII,sueños,sueño
LXXII,reposa,repós
LXXII,alma,alma
LXXII,ansiosa,ansiosa
LXXII,dulce,dulce
LXXII,embriaguez,embriaguez
LXXII,gloria,gloria
LXXII,tercera,tercero
LXXII,voz,voz
LXXII,ascua,ascua
LXXII,encendida,encendido
LXXII,tesoro,tesoro
LXXII,sombra,sombra
LXXII,huye,huir
LXXII,vanidad,vanidad
LXXII,mentira,mentira
LXXII,gloria,gloria
LXXII,oro,oro
LXXII,adoro,adorar
LXXII,sólo,sólo
LXXII,verdad,verdad
LXXII,libertad,libertad
LXXII,así,así
LXXII,barqueros,barquero
LXXII,pasaban,pasar
LXXII,cantando,cantar
LXXII,eterna,eterno
LXXII,canción,canción
LXXII,golpe,golpe
LXXII,remo,remir
LXXII,saltaba,saltar
LXXII,espuma,espuma
LXXII,heríala,heríalar
LXXII,sol,sol
LXXII,embarcas,embarca
LXXII,gritaban,gritar
LXXII,sonriendo,sonreir
LXXII,dije,decir
LXXII,pasar,pasar
LXXII,tiempo,tiempo
LXXII,hice,hacer
LXXII,cierto,cierto
LXXII,aun,aun
LXXII,ropa,ropa
LXXII,playa,playa
LXXII,tendida,tendido
LXXII,secar,secar
LXXIII,cerraron,cerrar
LXXIII,ojos.que,ojos.que
LXXIII,aún,aún
LXXIII,abiertos,abierto
LXXIII,taparon,tapar
LXXIII,cara,cara
LXXIII,blanco,blanco
LXXIII,lienzo,lienzo
LXXIII,sollozando,sollozar
LXXIII,silencio,silencio
LXXIII,triste,triste
LXXIII,alcoba,alcobar
LXXIII,salieron,salir
LXXIII,luz,luz
LXXIII,vaso,vaso
LXXIII,ardía,arder
LXXIII,suelo,suelo
LXXIII,muro,muro
LXXIII,arrojaba,arrojar
LXXIII,sombra,sombra
LXXIII,lecho,lecho
LXXIII,aquella,aquel
LXXIII,sombra,sombra
LXXIII,veíase,veíar
LXXIII,intérvalos,intérvalo
LXXIII,dibujarse,dibujar él
LXXIII,rígida,rígido
LXXIII,forma,forma
LXXIII,cuerpo,cuerpo
LXXIII,despertaba,despertar
LXXIII,día,día
LXXIII,albor,albor
LXXIII,primero,primero
LXXIII,mil,mil
LXXIII,ruidos,ruido
LXXIII,despertaba,despertar
LXXIII,pueblo,pueblo
LXXIII,aquel,aquel
LXXIII,contraste,contraste
LXXIII,vida,vida
LXXIII,misterio,misterio
LXXIII,luz,luz
LXXIII,tinieblas,tiniebla
LXXIII,pensé,pensar
LXXIII,momento,momento
LXXIII,dios,dios
LXXIII,solos,solo
LXXIII,quedan,quedar
LXXIII,muertos,muerto
LXXIII,casa,casa
LXXIII,hombros,hombro
LXXIII,lleváronla,lleváronla
LXXIII,templo,templo
LXXIII,capilla,capilla
LXXIII,dejaron,dejar
LXXIII,féretro,féretro
LXXIII,allí,allí
LXXIII,rodearon,rodear
LXXIII,pálidos,pálido
LXXIII,restos,resto
LXXIII,amarillas,amarilla
LXXIII,velas,vela
LXXIII,paños,paño
LXXIII,negros,negro
LXXIII,dar,dar
LXXIII,ánimas,ánima
LXXIII,toque,tocar
LXXIII,postrero,postrero
LXXIII,acabó,acabar
LXXIII,vieja,viejo
LXXIII,últimos,último
LXXIII,rezos,rezo
LXXIII,cruzó,cruzar
LXXIII,ancha,ancho
LXXIII,nave,nave
LXXIII,puertas,puerta
LXXIII,gimieron,gimeír
LXXIII,santo,santo
LXXIII,recinto,recinto
LXXIII,quedóse,quedóse
LXXIII,desierto,desierto
LXXIII,reloj,reloj
LXXIII,oía,oía
LXXIII,compasado,compasado
LXXIII,péndulo,péndulo
LXXIII,cirios,cirio
LXXIII,chisporroteo,chisporroteo
LXXIII,tan,tanto
LXXIII,medroso,medroso
LXXIII,triste,triste
LXXIII,tan,tanto
LXXIII,oscuro,oscuro
LXXIII,yerto,yerto
LXXIII,encontraba,encontrar
LXXIII,pensé,pensar
LXXIII,momento,momento
LXXIII,dios,dios
LXXIII,solos,solo
LXXIII,quedan,quedar
LXXIII,muertos,muerto
LXXIII,alta,alto
LXXIII,campana,campana
LXXIII,lengua,lengua
LXXIII,hierro,hierro
LXXIII,dio,dar
LXXIII,volteando,voltear
LXXIII,adiós,adiós
LXXIII,lastimero,lastimero
LXXIII,luto,luto
LXXIII,ropas,ropa
LXXIII,amigos,amigo
LXXIII,deudos,deudo
LXXIII,cruzaron,cruzar
LXXIII,fila,fila
LXXIII,formando,formar
LXXIII,cortejo,cortejo
LXXIII,último,último
LXXIII,asilo,asilo
LXXIII,oscuro,oscuro
LXXIII,estrecho,estrecho
LXXIII,abrió,abrir
LXXIII,piqueta,piqueta
LXXIII,nicho,nicho
LXXIII,extremo,extremo
LXXIII,allí,allí
LXXIII,acostaron,acostar
LXXIII,tapiáronla,tapiáronla
LXXIII,luego,luego
LXXIII,saludo,saludo
LXXIII,despidióse,despidióse
LXXIII,duelo,duelo
LXXIII,piqueta,piqueta
LXXIII,hombro,hombro
LXXIII,sepulturero,sepulturero
LXXIII,cantando,cantar
LXXIII,dientes,diente
LXXIII,perdió,perder
LXXIII,lejos,lejos
LXXIII,noche,noche
LXXIII,entraba,entrar
LXXIII,sol,sol
LXXIII,puesto,puesto
LXXIII,perdido,perdido
LXXIII,sombras,sombra
LXXIII,pensé,pensar
LXXIII,momento,momento
LXXIII,dios,dios
LXXIII,solos,solo
LXXIII,quedan,quedar
LXXIII,muertos,muerto
LXXIII,largas,larga
LXXIII,noches,noche
LXXIII,helado,helado
LXXIII,invierno,invierno
LXXIII,maderas,madera
LXXIII,crujir,crujir
LXXIII,hace,hacer
LXXIII,viento,viento
LXXIII,azota,azotar
LXXIII,vidrios,vidrio
LXXIII,fuerte,fuerte
LXXIII,aguacero,aguacero
LXXIII,pobre,pobre
LXXIII,niña,niña
LXXIII,veces,vez
LXXIII,acuerdo,acuerdo
LXXIII,allí,allí
LXXIII,cae,caer
LXXIII,lluvia,lluvia
LXXIII,eterno,eterno
LXXIII,allí,allí
LXXIII,combate,combate
LXXIII,soplo,soplo
LXXIII,cierzo,cierzo
LXXIII,húmedo,húmedo
LXXIII,muro,muro
LXXIII,tendida,tendido
LXXIII,hueco,hueco
LXXIII,acaso,acaso
LXXIII,frío,frío
LXXIII,hielan,helar
LXXIII,huesos,hueso
LXXIII,vuelve,volver
LXXIII,polvo,polvo
LXXIII,polvo,polvo
LXXIII,vuela,volar
LXXIII,alma,alma
LXXIII,cielo,cielo
LXXIII,espíritu,espíritu
LXXIII,podredumbre,podredumbrir
LXXIII,cieno,cenar
LXXIII,sé,saber
LXXIII,explicar,explicar
LXXIII,puedo,poder
LXXIII,par,par
LXXIII,infunde,infundir
LXXIII,repugnancia,repugnancia
LXXIII,duelo,duelo
LXXIII,dejar,dejar
LXXIII,tan,tanto
LXXIII,tristes,trist
LXXIII,tan,tanto
LXXIII,solos,solo
LXXIII,muertos,muerto
LXXIV,ropas,ropa
LXXIV,desceñidas,desceñida
LXXIV,desnudas,desnudo
LXXIV,espadas,espada
LXXIV,dintel,dintel
LXXIV,oro,oro
LXXIV,puerta,puerta
LXXIV,dos,dos
LXXIV,ángeles,ángel
LXXIV,velaban,velar
LXXIV,aproximé,aproximer
LXXIV,hierros,hierro
LXXIV,defienden,defender
LXXIV,entrada,entrada
LXXIV,dobles,doble
LXXIV,rejas,reja
LXXIV,fondo,fondo
LXXIV,vi,ver
LXXIV,confusa,confuso
LXXIV,blanca,blanco
LXXIV,vi,ver
LXXIV,imagen,imagen
LXXIV,ensueño,ensueño
LXXIV,pasa,pasar
LXXIV,rayo,rayo
LXXIV,luz,luz
LXXIV,tenue,tenue
LXXIV,difuso,difuso
LXXIV,tinieblas,tiniebla
LXXIV,sentí,sentir
LXXIV,ardiente,ardiente
LXXIV,deseo,desear
LXXIV,llena,lleno
LXXIV,alma,alma
LXXIV,atrae,atraer
LXXIV,abismo,abismo
LXXIV,aquel,aquel
LXXIV,misterio,misterio
LXXIV,hacía,hacer
LXXIV,si,si
LXXIV,arrastraba,arrastrar
LXXIV,mas,mas
LXXIV,ay,ay
LXXIV,ángeles,ángel
LXXIV,parecían,parecer
LXXIV,decirme,decir yo
LXXIV,miradas,mirada
LXXIV,umbral,umbral
LXXIV,puerta,puerta
LXXIV,sólo,sólo
LXXIV,dios,dios
LXXIV,traspasa,traspasar
LXXV,verdad,verdad
LXXV,toca,tocar
LXXV,sueño,sueño
LXXV,dedos,dedo
LXXV,rosa,rosa
LXXV,ojos,ojo
LXXV,cárcel,cárcel
LXXV,habita,habitar
LXXV,huye,huir
LXXV,espíritu,espíritu
LXXV,vuelo,vuelo
LXXV,presuroso,presuroso
LXXV,verdad,verdad
LXXV,huésped,huésped
LXXV,nieblas,niebla
LXXV,brisa,brisar
LXXV,nocturna,nocturno
LXXV,tenue,tenue
LXXV,soplo,soplo
LXXV,alado,alado
LXXV,sube,subir
LXXV,región,región
LXXV,vacía,vacío
LXXV,encontrarse,encontrar él
LXXV,allí,allí
LXXV,desnudo,desnudo
LXXV,humana,humano
LXXV,forma,forma
LXXV,allí,allí
LXXV,lazos,lazo
LXXV,terrenales,terrenal
LXXV,rotos,roto
LXXV,breves,breve
LXXV,horas,hora
LXXV,habita,habitar
LXXV,idea,idea
LXXV,mundo,mundo
LXXV,silencioso,silencioso
LXXV,ríe,ríar
LXXV,llora,llorar
LXXV,aborrece,aborrecer
LXXV,ama,amar
LXXV,guarda,guardar
LXXV,rastro,rastro
LXXV,dolor,dolor
LXXV,gozo,gozo
LXXV,semejante,semejante
LXXV,deja,dejar
LXXV,cruza,cruzar
LXXV,cielo,cielo
LXXV,meteoro,meteoro
LXXV,sé,saber
LXXV,si,si
LXXV,mundo,mundo
LXXV,visiones,visión
LXXV,vive,vivir
LXXV,va,ir
LXXV,dentro,dentro
LXXV,sé,saber
LXXV,conozco,conocer
LXXV,muchas,mucho
LXXV,gentes,gente
LXXV,conozco,conocer
LXXVI,imponente,imponente
LXXVI,nave.del,nave.del
LXXVI,templo,templo
LXXVI,bizantino,bizantino
LXXVI,vi,ver
LXXVI,gótica,góticar
LXXVI,tumba,tumba
LXXVI,indecisa,indecisa
LXXVI,luz,luz
LXXVI,temblaba,temblar
LXXVI,pintados,pintado
LXXVI,vidrios,vidrio
LXXVI,manos,mano
LXXVI,pecho,pecho
LXXVI,manos,mano
LXXVI,libro,libro
LXXVI,mujer,mujer
LXXVI,hermosa,hermoso
LXXVI,reposaba,reposar
LXXVI,urna,urno
LXXVI,cincel,cincel
LXXVI,prodigio,prodigio
LXXVI,cuerpo,cuerpo
LXXVI,abandonado,abandonado
LXXVI,dulce,dulce
LXXVI,peso,peso
LXXVI,hundido,hundido
LXXVI,si,si
LXXVI,blanda,blando
LXXVI,pluma,pluma
LXXVI,raso,raso
LXXVI,plegaba,plegar
LXXVI,lecho,lecho
LXXVI,granito,granitir
LXXVI,sonrisa,sonrisa
LXXVI,última,último
LXXVI,resplandor,resplandor
LXXVI,divino,divino
LXXVI,guardaba,guardar
LXXVI,rostro,rostro
LXXVI,cielo,cielo
LXXVI,guarda,guardar
LXXVI,sol,sol
LXXVI,muere,morir
LXXVI,rayo,rayo
LXXVI,fugitivo,fugitivo
LXXVI,cabezal,cabezal
LXXVI,piedra,piedra
LXXVI,sentados,sentado
LXXVI,filo,filo
LXXVI,dos,dos
LXXVI,ángeles,ángel
LXXVI,dedo,dedo
LXXVI,labio,labio
LXXVI,imponían,imponer
LXXVI,silencio,silencio
LXXVI,recinto,recinto
LXXVI,parecía,parecer
LXXVI,muerta,muerto
LXXVI,arcos,arco
LXXVI,macizos,macizo
LXXVI,parecía,parecer
LXXVI,dormir,dormir
LXXVI,penumbra,penumbra
LXXVI,sueños,sueño
LXXVI,veía,ver
LXXVI,paraíso,paraíso
LXXVI,acerqué,acerqué
LXXVI,nave,nave
LXXVI,ángulo,ángulo
LXXVI,sombrío,sombrío
LXXVI,callado,callado
LXXVI,paso,paso
LXXVI,llega,llegar
LXXVI,junto,junto
LXXVI,cuna,cuna
LXXVI,duerme,dormir
LXXVI,niño,niño
LXXVI,contemplé,contemplé
LXXVI,momento,momento
LXXVI,aquel,aquel
LXXVI,resplandor,resplandor
LXXVI,tibio,tibio
LXXVI,aquel,aquel
LXXVI,lecho,lecho
LXXVI,piedra,piedra
LXXVI,ofrecía,ofrecer
LXXVI,próximo,próximo
LXXVI,muro,muro
LXXVI,lugar,lugar
LXXVI,vacío,vacío
LXXVI,alma,alma
LXXVI,avivaron,avivar
LXXVI,sed,sed
LXXVI,infinito,infinito
LXXVI,ansia,ansia
LXXVI,vida,vida
LXXVI,muerte,muerte
LXXVI,instante,instante
LXXVI,siglos,siglo
LXXVI,cansado,cansado
LXXVI,combate,combate
LXXVI,luchando,luchar
LXXVI,vivo,vivir
LXXVI,alguna,alguno
LXXVI,vez,vez
LXXVI,acuerdo,acuerdo
LXXVI,envidia,envidia
LXXVI,aquel,aquel
LXXVI,rincón,rincón
LXXVI,oscuro,oscuro
LXXVI,escondido,escondido
LXXVI,aquella,aquel
LXXVI,muda,mudo
LXXVI,pálida,pálido
LXXVI,mujer,mujer
LXXVI,acuerdo,acuerdo
LXXVI,digo,decir
LXXVI,oh,oh
LXXVI,amor,amor
LXXVI,tan,tanto
LXXVI,callado,callado
LXXVI,muerte,muerte
LXXVI,sueño,sueño
LXXVI,sepulcro,sepulcro
LXXVI,tan,tanto
LXXVI,tranquilo,tranquilo
LXXVII,sueño,sueño
LXXVII,vida,vida
LXXVII,sueño,sueño
LXXVII,febril,febril
LXXVII,dura,duro
LXXVII,punto,punto
LXXVII,despierta,despertar
LXXVII,ve,ver
LXXVII,vanidad,vanidad
LXXVII,humo,humo
LXXVII,ojalá,ojalá
LXXVII,sueño,sueño
LXXVII,largo,largo
LXXVII,profundo,profundo
LXXVII,sueño,sueño
LXXVII,durara,durar
LXXVII,muerte,muerte
LXXVII,soñaría,soñar
LXXVII,amor,amor
LXXVIII,podrá,poder
LXXVIII,nublarse,nublar él
LXXVIII,sol,sol
LXXVIII,eternamente,eternamente
LXXVIII,podrá,poder
LXXVIII,secarse,secar él
LXXVIII,instante,instante
LXXVIII,mar,mar
LXXVIII,podrá,poder
LXXVIII,romperse,romper él
LXXVIII,eje,eje
LXXVIII,tierra,tierra
LXXVIII,débil,débil
LXXVIII,cristal,cristal
LXXVIII,sucederá,suceder
LXXVIII,podrá,poder
LXXVIII,muerte,muerte
LXXVIII,cubrirme,cubrir yo
LXXVIII,fúnebre,fúnebre
LXXVIII,crespón,crespón
LXXVIII,jamás,jamás
LXXVIII,podrá,poder
LXXVIII,apagarse,apagar él
LXXVIII,llama,llamar
LXXVIII,amor,amor
LXXIX,vida,vida
LXXIX,erial,erial
LXXIX,flor,flor
LXXIX,toco,tocar
LXXIX,deshoja,deshojar
LXXIX,camino,camino
LXXIX,fatal,fatal
LXXIX,alguien,alguien
LXXIX,va,ir
LXXIX,sembrando,sembrar
LXXIX,mal,mal
LXXIX,recoja,recojar
LXXX,patriarcas,patriarca
LXXX,semilla,semilla
LXXX,árbol,árbol
LXXX,fe,fe
LXXX,siglos,siglo
LXXX,remotos,remoto
LXXX,vencedor,vencedor
LXXX,divino,divino
LXXX,muerte,muerte
LXXX,rogadle,rogadlir
LXXX,profetas,profeta
LXXX,rasgasteis,rasgastei
LXXX,inspirados,inspirado
LXXX,porvenir,porvenir
LXXX,velo,velo
LXXX,misterioso,misterioso
LXXX,sacó,sacar
LXXX,luz,luz
LXXX,tinieblas,tiniebla
LXXX,rogadle,rogadlir
LXXX,almas,alma
LXXX,cándidas,cándido
LXXX,santos,santo
LXXX,inocentes,inocente
LXXX,aumentáis,aumentái
LXXX,ángeles,ángel
LXXX,coro,coro
LXXX,llamo,llamar
LXXX,niños,niño
LXXX,lado,lado
LXXX,rogadle,rogadlir
LXXX,apóstoles,apóstol
LXXX,echasteis,echasteis
LXXX,mundo,mundo
LXXX,iglesia,iglesia
LXXX,cimiento,cimiento
LXXX,poderoso,poderoso
LXXX,verdad,verdad
LXXX,depositario,depositario
LXXX,rogadle,rogadlir
LXXX,mártires,mártir
LXXX,ganasteis,ganastei
LXXX,palma,palma
LXXX,arena,arena
LXXX,circo,circo
LXXX,sangre,sangre
LXXX,rojo,rojo
LXXX,dio,dar
LXXX,fortaleza,fortaleza
LXXX,combates,combate
LXXX,rogadle,rogadlir
LXXX,vírgenes,vírgén
LXXX,semejantes,semejante
LXXX,azucenas,azucena
LXXX,venado,venado
LXXX,vistió,vestir
LXXX,nieve,nieve
LXXX,oro,oro
LXXX,fuente,fuente
LXXX,vida,vida
LXXX,hermosura,hermosura
LXXX,rogadle,rogadlir
LXXX,monjes,monje
LXXX,vida,vida
LXXX,combate,combate
LXXX,pedisteis,pedisteis
LXXX,paz,paz
LXXX,claustro,claustro
LXXX,silencioso,silencioso
LXXX,iris,iris
LXXX,calma,calma
LXXX,tormentas,tormenta
LXXX,rogadle,rogadlir
LXXX,doctores,doctor
LXXX,cuyas,cuyo
LXXX,plumas,pluma
LXXX,legaron,legar
LXXX,virtud,virtud
LXXX,saber,saber
LXXX,rico,rico
LXXX,tesoro,tesoro
LXXX,raudal,raudal
LXXX,ciencia,ciencia
LXXX,inextinguible,inextinguible
LXXX,rogadle,rogadlir
LXXX,soldados,soldado
LXXX,ejercito,ejercito
LXXX,cristo,cristo
LXXX,santas,santa
LXXX,santos,santo
LXXX,rogadle,rogadlir
LXXX,perdone,perdonar
LXXX,culpas,culpa
LXXX,aquel,aquel
LXXX,vive,vivir
LXXX,reina,reina
LXXXI,dices,diz
LXXXI,corazón,corazón
LXXXI,solo,solo
LXXXI,dices,diz
LXXXI,sientes,sient
LXXXI,latidos,latido
LXXXI,corazón,corazón
LXXXI,máquina,máquina
LXXXI,compás,compás
LXXXI,mueve,mover
LXXXI,hace,hacer
LXXXI,ruido,ruido
LXXXII,fingiendo,fingir
LXXXII,realidades,realidad
LXXXII,sombra,sombra
LXXXII,vana,vano
LXXXII,delante,delante
LXXXII,deseo,desear
LXXXII,va,ir
LXXXII,esperanza,esperanza
LXXXII,mentiras,mentira
LXXXII,fénix,fénix
LXXXII,renacen,renacer
LXXXII,cenizas,ceniza
LXXXIII,mujer,mujer
LXXXIII,envenenado,envenenado
LXXXIII,alma,alma
LXXXIII,mujer,mujer
LXXXIII,envenenado,envenenado
LXXXIII,cuerpo,cuerpo
LXXXIII,ninguna,ninguno
LXXXIII,dos,dos
LXXXIII,vino,venir
LXXXIII,buscarme,buscarme
LXXXIII,ninguna,ninguno
LXXXIII,dos,dos
LXXXIII,quejo,quejo
LXXXIII,mundo,mundo
LXXXIII,redondo,redondo
LXXXIII,mundo,mundo
LXXXIII,rueda,rodar
LXXXIII,si,si
LXXXIII,mañana,mañana
LXXXIII,rodando,rodar
LXXXIII,veneno,veneno
LXXXIII,envenena,envenenar
LXXXIII,vez,vez
LXXXIII,acusarme,acusar yo
LXXXIII,puedo,poder
LXXXIII,dar,dar
LXXXIII,mas,mas
LXXXIII,dieron,dar
LXXXIV,casta,casta
LXXXIV,voz,voz
LXXXIV,aliento,aliento
LXXXIV,flores,flor
LXXXIV,voz,voz
LXXXIV,cisnes,cisn
LXXXIV,armonía,armonir
LXXXIV,mirada,mirada
LXXXIV,esplendor,esplendor
LXXXIV,día,día
LXXXIV,color,color
LXXXIV,rosa,rosa
LXXXIV,color,color
LXXXIV,prestas,presta
LXXXIV,nueva,nuevo
LXXXIV,vida,vida
LXXXIV,esperanza,esperanza
LXXXIV,corazón,corazón
LXXXIV,amor,amor
LXXXIV,muerto,muerto
LXXXIV,creces,creces
LXXXIV,vida,vida
LXXXIV,desierto,desierto
LXXXIV,crece,crecer
LXXXIV,páramo,páramo
LXXXIV,flor,flor
LXXXV,elisa,elisa
LXXXV,leas,lea
LXXXV,ojos,ojo
LXXXV,grises,gris
LXXXV,cantes,cant
LXXXV,clara,claro
LXXXV,voz,voz
LXXXV,llenen,llenir
LXXXV,emoción,emoción
LXXXV,pecho,pecho
LXXXV,hice,hacer
LXXXV,versos,verso
LXXXV,encuentres,encuentr
LXXXV,pecho,pecho
LXXXV,asilo,asilo
LXXXV,des,d
LXXXV,juventud,juventud
LXXXV,vida,vida
LXXXV,calor,calor
LXXXV,tres,tres
LXXXV,cosas,cosa
LXXXV,puedo,poder
LXXXV,darles,dar él
LXXXV,hice,hacer
LXXXV,versos,verso
LXXXV,hacerte,hacerte
LXXXV,gozar,gozar
LXXXV,alegría,alegría
LXXXV,sufras,sufra
LXXXV,dolor,dolor
LXXXV,sientas,sienta
LXXXV,palpitar,palpitar
LXXXV,vida,vida
LXXXV,hice,hacer
LXXXV,versos,verso
LXXXV,poder,poder
LXXXV,poner,poner
LXXXV,plantas,planta
LXXXV,ofrenda,ofrendir
LXXXV,vida,vida
LXXXV,amor,amor
LXXXV,alma,alma
LXXXV,sueños,sueño
LXXXV,rotos,roto
LXXXV,risas,risa
LXXXV,lágrimas,lágrima
LXXXV,hice,hacer
LXXXV,versos,verso
LXXXVI,flores,flor
LXXXVI,tronchadas,tronchada
LXXXVI,marchitas,marchita
LXXXVI,hojas,hoja
LXXXVI,arrastra,arrastrar
LXXXVI,viento,viento
LXXXVI,espacios,espacio
LXXXVI,tristes,trist
LXXXVI,gemidos.repite,gemidos.repite
LXXXVI,eco,eco
LXXXVI,nieblas,niebla
LXXXVI,pasado,pasado
LXXXVI,regiones,región
LXXXVI,pensamiento,pensamiento
LXXXVI,gemidos,gemido
LXXXVI,tristes,trist
LXXXVI,marchitas,marchita
LXXXVI,galas,gala
LXXXVI,recuerdos,recuerdo
LXXXVII,alba,alba
LXXXVII,sombra,sombra
LXXXVII,sonrisa,sonrisa
LXXXVII,rayo,rayo
LXXXVII,ojos,ojo
LXXXVII,luz,luz
LXXXVII,día,día
LXXXVII,alma,alma
LXXXVII,noche,noche
LXXXVII,invierno,invierno
LXXXVII,negra,negro
LXXXVII,helada,helado
LXXXVIII,errante,errante
LXXXVIII,mundo,mundo
LXXXVIII,gritando,gritar
LXXXVIII,gloria,gloria
LXXXVIII,dónde,dónde
LXXXVIII,voz,voz
LXXXVIII,misteriosa,misterioso
LXXXVIII,contestóme,contestóme
LXXXVIII,allá,allá
LXXXVIII,allá,allá
LXXXVIII,pos,pos
LXXXVIII,perseguí,perseguí
LXXXVIII,camino,camino
LXXXVIII,voz,voz
LXXXVIII,marcó,marcar
LXXXVIII,halléla,hallélar
LXXXVIII,fin,fin
LXXXVIII,aquel,aquel
LXXXVIII,instante,instante
LXXXVIII,humo,humo
LXXXVIII,troncó,troncar
LXXXVIII,humo,humo
LXXXVIII,formado,formado
LXXXVIII,denso,denso
LXXXVIII,velo,velo
LXXXVIII,empezó,empezar
LXXXVIII,remontar,remontar
LXXXVIII,penetrando,penetrar
LXXXVIII,azulada,azulado
LXXXVIII,esfera,esfera
LXXXVIII,cielo,cielo
LXXXVIII,parar,parar
LXXXIX,negros,negro
LXXXIX,fantasmas,fantasma
LXXXIX,nubes,nube
LXXXIX,sombrías,sombría
LXXXIX,huyen,huir
LXXXIX,destello,destello
LXXXIX,luz,luz
LXXXIX,divina,divino
LXXXIX,luz,luz
LXXXIX,santa,santa
LXXXIX,niña,niña
LXXXIX,negros,negro
LXXXIX,ojos,ojo
LXXXIX,esperanza,esperanza
LXXXIX,calor,calor
LXXXIX,rayos,rayo
LXXXIX,fe,fe
LXXXIX,gigante,gigante
LXXXIX,desdenes,desdén
LXXXIX,lucha,lucha
LXXXIX,amenguarse,amenguar él
LXXXIX,empeño,empeño
LXXXIX,si,si
LXXXIX,grande,grande
LXXXIX,martirio,martirio
LXXXIX,mayor,mayor
LXXXIX,premio,premio
LXXXIX,si,si
LXXXIX,aún,aún
LXXXIX,muestras,muestra
LXXXIX,esquiva,esquivo
LXXXIX,alma,alma
LXXXIX,nieve,nieve
LXXXIX,si,si
LXXXIX,aún,aún
LXXXIX,quisieras,quisieras
LXXXIX,quererte,quererte
LXXXIX,amor,amor
LXXXIX,roca,rocar
LXXXIX,estrellan,estrellar
LXXXIX,tímidas,tímido
LXXXIX,mal,mal
LXXXIX,olas,ola
XC,rayo,rayo
XC,dulce,dulce
XC,brisa,brisar
XC,lágrima,lágrimir
XC,ardiente,ardiente
XC,fresca,fresco
XC,sonrisa,sonrisa
XC,flor,flor
XC,peregrina,peregrinar
XC,rama,rama
XC,tronchada,tronchado
XC,vibra,vibrar
XC,flecha,flecha
XC,acerada,acerado
XC,esencia,esencia
XC,flores,flor
XC,mil,mil
XC,perfumes,perfume
XC,suaves,suave
XC,vapores,vapor
XC,fragancia,fraganciar
XC,fascinadora,fascinadorar
XC,trastorna,trastornar
XC,alma,alma
XC,adora,adorar
XC,aromas,aroma
XC,doquier,doquier
XC,prodigo,prodigo
XC,horrible,horrible
XC,dolor,dolor
XC,mitigo,mitigar
XC,grato,grato
XC,dulce,dulce
XC,tierno,tierno
XC,delirio,delirio
XC,cambio,cambio
XC,duro,duro
XC,crüel,crüel
XC,martirio,martirio
XC,ah,ah
XC,encadeno,encadeno
XC,corazones,corazón
XC,flores,flor
XC,eslabones,eslabón
XC,navego,navego
XC,mares,mar
XC,voy,ir
XC,viento,viento
XC,alejo,alejo
XC,pesares,pesar
XC,pensamiento,pensamiento
XC,dicha,dicho
XC,pena,pena
XC,reparto,reparto
XC,mortales,mortal
XC,faz,faz
XC,serena,serén
XC,poder,poder
XC,terrible,terrible
XC,antojos,antojo
XC,brota,brota
XC,sonrisas,sonrisa
XC,brota,brota
XC,enojos,enojo
XC,poder,poder
XC,abrasa,abrasa
XC,alma,alma
XC,helada,helado
XC,si,si
XC,airado,airado
XC,vibro,vibro
XC,flecha,flecha
XC,acerada,acerado
XC,doy,dar
XC,dulces,dulce
XC,sonrisas,sonrisa
XC,hermosas,hermosa
XC,coloro,coloro
XC,mejillas,mejilla
XC,nieve,nieve
XC,rosas,rosa
XC,humedezco,humedecer
XC,labios,labio
XC,miradas,mirada
XC,hago,hacer
XC,prometer,prometer
XC,dichas,dicho
XC,imaginadas,imaginado
XC,hago,hacer
XC,amable,amable
XC,reposo,reposo
XC,grato,grato
XC,halagüeño,halagüeño
XC,alejo,alejo
XC,seres,ser
XC,dulce,dulce
XC,sueño,sueño
XC,poderío,poderío
XC,rinde,rendir
XC,homenaje,homenaje
XC,corona,corona
XC,dan,dar
XC,vasallaje,vasallaje
XC,amor,amor
XC,rey,rey
XC,mundo,mundo
XC,niña,niña
XC,tirana,tirán
XC,ámame,ámame
XC,reina,reina
XC,mañana,mañana
XCI,sentido,sentido
XCI,noche,noche
XCI,reina,reina
XCI,sombra,sombra
XCI,voz,voz
XCI,apagada,apagado
XCI,canta,cantar
XCI,inmensa,inmenso
XCI,tristeza,tristeza
XCI,llora,llorar
XCI,sentiste,sentiste
XCI,oído,oer
XCI,virgen,virgen
XCI,silentes,silent
XCI,trágicas,trágico
XCI,notas,nota
XCI,dedos,dedo
XCI,muerto,muerto
XCI,arrancaban,arrancar
XCI,lira,lirar
XCI,rota,rota
XCI,sentiste,sentiste
XCI,lágrima,lágrimir
XCI,deslizarse,deslizar él
XCI,boca,bocar
XCI,sentiste,sentiste
XCI,mano,mano
XCI,nieve,nieve
XCI,estrechar,estrechar
XCI,rosa,rosa
XCI,viste,ver
XCI,sueños,sueño
XCI,aire,aire
XCI,vagar,vagar
XCI,sombra,sombra
XCI,sintieron,sentir
XCI,labios,labio
XCI,beso,beso
XCI,estalló,estallar
XCI,misterioso,misterioso
XCI,alcoba,alcobar
XCI,pues,pues
XCI,juro,juro
XCI,vida,vida
XCI,vi,ver
XCI,brazos,brazo
XCI,miedosa,miedoso
XCI,sentí,sentir
XCI,aliento,aliento
XCI,jazmín,jazmín
XCI,nardo,nardo
XCI,boca,bocar
XCI,pegada,pegado
XCI,boca,bocar
XCII,apoyando,apoyar
XCII,frente,frente
XCII,calurosa,caluroso
XCII,frío,frío
XCII,cristal,cristal
XCII,ventana,ventana
XCII,silencio,silencio
XCII,oscura,oscuro
XCII,noche,noche
XCII,balcón,balcón
XCII,ojos,ojo
XCII,apartaba,apartar
XCII,medio,medio
XCII,sombra,sombra
XCII,misteriosa,misterioso
XCII,vidriera,vidreír
XCII,lucía,lucir
XCII,iluminada,iluminado
XCII,dejando,dejar
XCII,vista,visto
XCII,penetrase,penetrar
XCII,puro,puro
XCII,santuario,santuario
XCII,estancia,estancia
XCII,pálido,pálido
XCII,mármol,mármol
XCII,semblante,semblante
XCII,blonda,blonda
XCII,cabellera,cabellera
XCII,destrenzada,destrenzado
XCII,acariciando,acariciar
XCII,sedosas,sedosa
XCII,ondas,onda
XCII,hombros,hombro
XCII,alabastro,alabastro
XCII,garganta,gargantar
XCII,ojos,ojo
XCII,veían,ver
XCII,ojos,ojo
XCII,verla,ver él
XCII,tan,tanto
XCII,hermosa,hermoso
XCII,turbaban,turbar
XCII,mirábase,mirábase
XCII,espejo,espejo
XCII,dulcemente,dulcemente
XCII,sonreía,sonreir
XCII,bella,bello
XCII,imagen,imagen
XCII,lánguida,lánguido
XCII,mudas,muda
XCII,lisonjas,lisonja
XCII,espejo,espejo
XCII,beso,beso
XCII,dulcísimo,dulcísimo
XCII,pagaba,pagar
XCII,mas,mas
XCII,luz,luz
XCII,apagó,apagar
XCII,visión,visión
XCII,pura,puro
XCII,desvanecióse,desvanecióse
XCII,sombra,sombra
XCII,vana,vano
XCII,dormido,dormido
XCII,quedé,quedar
XCII,dándome,dándome
XCII,celos,ce él
XCII,cristal,cristal
XCII,boca,bocar
XCII,acariciara,acariciar
XCIII,si,si
XCIII,copia,copia
XCIII,frente,frente
XCIII,río,río
XCIII,cercano,cercano
XCIII,pura,puro
XCIII,corriente,corriente
XCIII,miras,mira
XCIII,rostro,rostro
XCIII,amor,amor
XCIII,encendido,encendido
XCIII,escondo,escondo
XCIII,agua,agua
XCIII,fondo,fondo
XCIII,loco,loco
XCIII,amores,amor
XCIII,amar,amar
XCIII,convido,convido
XCIII,pecho,pecho
XCIII,buscada,buscado
XCIII,morada,morado
XCIII,envío,envío
XCIII,ojos,ojo
XCIII,ardiente,ardiente
XCIII,mirada,mirada
XCIII,blanca,blanco
XCIII,divina,divino
XCIII,fuego,fuego
XCIII,siento,sentir
XCIII,faz,faz
XCIII,ilumina,iluminar
XCIII,si,si
XCIII,medio,medio
XCIII,valle,valle
XCIII,tardo,tardo
XCIII,trueca,trueca
XCIII,amor,amor
XCIII,animado,animado
XCIII,vacila,vacilar
XCIII,planta,planta
XCIII,pliega,pliega
XCIII,talle,talle
XCIII,dueño,dueño
XCIII,amado,amado
XCIII,vistos,visto
XCIII,lazos,lazo
XCIII,amor,amor
XCIII,anhelante,anhelante
XCIII,estrecho,estrecho
XCIII,brazos,brazo
XCIII,teje,tejar
XCIII,alfombra,alfombrar
XCIII,florida,florida
XCIII,vuelve,volver
XCIII,cuerpo,cuerpo
XCIII,fuerza,fuerza
XCIII,vida,vida
XCIII,sigo,seguir
XCIII,alas,ala
XCIII,viento,viento
XCIII,soñando,soñar
XCIII,contigo,tú
XCIII,si,si
XCIII,lecho,lecho
XCIII,escuchas,escucha
XCIII,acaso,acaso
XCIII,celeste,celestar
XCIII,armonía,armonir
XCIII,llena,lleno
XCIII,goces,goz
XCIII,cándido,cándido
XCIII,pecho,pecho
XCIII,vida,vida
XCIII,levanto,levanto
XCIII,cielo,cielo
XCIII,tranquilo,tranquilo
XCIII,férvido,férvido
XCIII,canto,canto
XCIII,aires,aires
XCIII,cruzando,cruzar
XCIII,ligero,ligero
XCIII,ignorado,ignorado
XCIII,movible,movible
XCIII,sendero,senderir
XCIII,ansioso,ansioso
XCIII,calma,calma
XCIII,sediento,sediento
XCIII,amores,amor
XCIII,penetro,penetro
XCIII,alma,alma
XCIV,quién,quién
XCIV,luna,luna
XCIV,quién,quién
XCIV,brisa,brisar
XCIV,quién,quién
XCIV,sol,sol
XCIV,quién,quién
XCIV,crepúsculo,crepúsculo
XCIV,hora,hora
XCIV,quién,quién
XCIV,instante,instante
XCIV,oración,oración
XCIV,quién,quién
XCIV,parte,parte
XCIV,plegaria,plegario
XCIV,solitaria,solitaria
XCIV,mandas,manda
XCIV,dios,dios
XCIV,quién,quién
XCIV,luna,luna
XCIV,quién,quién
XCIV,brisa,brisar
XCIV,quién,quién
XCIV,sol,sol
XCV,acogí,acogí
XCV,perdido,perdido
XCV,nauta,nauto
XCV,mujer,mujer
XCV,pedirle,pedir él
XCV,amor,amor
XCV,amor,amor
XCV,cansancio,cansancio
XCV,sentidos,sentido
XCV,hielo,hielo
XCV,corazón,corazón
XCV,quedé,quedar
XCV,vida,vida
XCV,carrera,carrera
XCV,mundo,mundo
XCV,esperanza,esperanza
XCV,ayer,ayer
XCV,pobló,poblar
XCV,queda,quedar
XCV,viandante,viandante
XCV,desierto,desierto
XCV,solas,solo
XCV,dios,dios
XCVI,encontrar,encontrar
XCVI,rostro,rostro
XCVI,miraba,mirar
XCVI,cielo,cielo
XCVI,bien,bien
XCVI,imagen,imagen
XCVI,halle,halle
XCVI,suelo,suelo
XCVI,si,si
XCVI,allí,allí
XCVI,vino,venir
XCVI,buscaba,buscar
XCVI,origen,origen
XCVI,desvarío,desvarío
XCVII,quejas,queja
XCVII,piano,piano
XCVII,intervalos,intervalo
XCVII,desprendidas,desprendida
XCVII,sirenas,sirena
XCVII,adormecidas,adormecido
XCVII,evoca,evocar
XCVII,blanca,blanco
XCVII,mano,mano
XCVII,esparcen,esparcir
XCVII,aire,aire
XCVII,vano,vano
XCVII,melancólico,melancólico
XCVII,pues,pues
XCVII,oculta,ocultar
XCVII,mansión,mansión
XCVII,pasión,pasión
XCVII,esconde,esconder
XCVII,cada,cada
XCVII,nota,nota
XCVII,responde,responder
XCVII,eco,eco
XCVII,corazón,corazón
XCVIII,nave,nave
XCVIII,surca,surcar
XCVIII,mares,mar
XCVIII,empuja,empuja
XCVIII,vendaval,vendaval
XCVIII,acaricia,acaricia
XCVIII,espuma,espuma
XCVIII,hombres,hombre
XCVIII,vida,vida
XCVIII,puerto,puerto
XCVIII,eternidad,eternidad
